role,seniority,posting_count,low_sample
Backend Developer,Entry,65,False
Backend Developer,Intern,29,False
Backend Developer,Mid,70,False
Backend Developer,Senior,36,False
Data Analyst,Entry,63,False
Data Analyst,Intern,42,False
Data Analyst,Mid,62,False
Data Analyst,Senior,33,False
Data Scientist,Entry,77,False
Data Scientist,Intern,38,False
Data Scientist,Mid,53,False
Data Scientist,Senior,32,False
DevOps Engineer,Entry,61,False
DevOps Engineer,Intern,36,False
DevOps Engineer,Mid,64,False
DevOps Engineer,Senior,39,False
Frontend Developer,Entry,69,False
Frontend Developer,Intern,32,False
Frontend Developer,Mid,62,False
Frontend Developer,Senior,37,False
ML Engineer,Entry,75,False
ML Engineer,Intern,28,False
ML Engineer,Mid,63,False
ML Engineer,Senior,34,False
Backend Developer,All,200,False
Data Analyst,All,200,False
Data Scientist,All,200,False
DevOps Engineer,All,200,False
Frontend Developer,All,200,False
ML Engineer,All,200,False
