skill,posting_count
Python,253
AWS,246
SQL,179
Docker,175
PostgreSQL,168
Kubernetes,140
REST API,134
Git,122
Problem Solving,117
Scikit-learn,101
Kafka,99
NumPy,98
Data Analysis,98
Terraform,95
FastAPI,95
Linux,95
CI/CD,93
GCP,92
Statistics,91
R,90
Pandas,89
Data Visualization,88
TensorFlow,88
Machine Learning,87
Node.js,83
PyTorch,79
Deep Learning,79
JavaScript,78
Communication,76
GraphQL,72
Next.js,59
Azure,52
CSS,49
Power BI,47
Tableau,47
NLP,46
Java,44
Agile,43
Flask,42
Redis,41
Django,41
Excel,41
Spark,38
MLOps,37
Airflow,37
Monitoring,37
React,34
TypeScript,32
HTML,32
Go,29
