title,role,seniority,job_id
Data Scientist,Data Scientist,Intern,"mock:mock-data-scientist-jaipur,-india-0"
Data Scientist,Data Scientist,Intern,"mock:mock-data-scientist-jaipur,-india-1"
Data Scientist,Data Scientist,Entry,"mock:mock-data-scientist-jaipur,-india-2"
Data Scientist,Data Scientist,Entry,"mock:mock-data-scientist-jaipur,-india-3"
Data Scientist,Data Scientist,Senior,"mock:mock-data-scientist-jaipur,-india-4"
Data Scientist,Data Scientist,Mid,"mock:mock-data-scientist-jaipur,-india-5"
Data Scientist,Data Scientist,Entry,"mock:mock-data-scientist-jaipur,-india-6"
Data Scientist,Data Scientist,Mid,"mock:mock-data-scientist-jaipur,-india-7"
Data Scientist,Data Scientist,Senior,"mock:mock-data-scientist-jaipur,-india-8"
Data Scientist,Data Scientist,Mid,"mock:mock-data-scientist-jaipur,-india-9"
Data Scientist,Data Scientist,Mid,"mock:mock-data-scientist-jaipur,-india-10"
Data Scientist,Data Scientist,Entry,"mock:mock-data-scientist-jaipur,-india-11"
Data Scientist,Data Scientist,Intern,"mock:mock-data-scientist-jaipur,-india-12"
Data Scientist,Data Scientist,Senior,"mock:mock-data-scientist-jaipur,-india-13"
Data Scientist,Data Scientist,Mid,"mock:mock-data-scientist-jaipur,-india-14"
Data Scientist,Data Scientist,Senior,"mock:mock-data-scientist-jaipur,-india-15"
Data Scientist,Data Scientist,Entry,"mock:mock-data-scientist-jaipur,-india-16"
Data Scientist,Data Scientist,Entry,"mock:mock-data-scientist-jaipur,-india-17"
Data Scientist,Data Scientist,Mid,"mock:mock-data-scientist-jaipur,-india-18"
Data Scientist,Data Scientist,Entry,"mock:mock-data-scientist-jaipur,-india-19"
Data Scientist,Data Scientist,Senior,"mock:mock-data-scientist-jaipur,-india-20"
Data Scientist,Data Scientist,Mid,"mock:mock-data-scientist-jaipur,-india-21"
Data Scientist,Data Scientist,Senior,"mock:mock-data-scientist-jaipur,-india-22"
Data Scientist,Data Scientist,Mid,"mock:mock-data-scientist-jaipur,-india-23"
Data Scientist,Data Scientist,Entry,"mock:mock-data-scientist-jaipur,-india-24"
Data Scientist,Data Scientist,Mid,"mock:mock-data-scientist-jaipur,-india-25"
Data Scientist,Data Scientist,Senior,"mock:mock-data-scientist-jaipur,-india-26"
Data Scientist,Data Scientist,Intern,"mock:mock-data-scientist-jaipur,-india-27"
Data Scientist,Data Scientist,Intern,"mock:mock-data-scientist-jaipur,-india-28"
Data Scientist,Data Scientist,Entry,"mock:mock-data-scientist-jaipur,-india-29"
Data Scientist,Data Scientist,Mid,"mock:mock-data-scientist-jaipur,-india-30"
Data Scientist,Data Scientist,Entry,"mock:mock-data-scientist-jaipur,-india-31"
Data Scientist,Data Scientist,Entry,"mock:mock-data-scientist-jaipur,-india-32"
Data Scientist,Data Scientist,Intern,"mock:mock-data-scientist-jaipur,-india-33"
Data Scientist,Data Scientist,Entry,"mock:mock-data-scientist-jaipur,-india-34"
Data Scientist,Data Scientist,Senior,"mock:mock-data-scientist-jaipur,-india-35"
Data Scientist,Data Scientist,Mid,"mock:mock-data-scientist-jaipur,-india-36"
Data Scientist,Data Scientist,Entry,"mock:mock-data-scientist-jaipur,-india-37"
Data Scientist,Data Scientist,Mid,"mock:mock-data-scientist-jaipur,-india-38"
Data Scientist,Data Scientist,Mid,"mock:mock-data-scientist-jaipur,-india-39"
Data Scientist,Data Scientist,Senior,"mock:mock-data-scientist-jaipur,-india-40"
Data Scientist,Data Scientist,Intern,"mock:mock-data-scientist-jaipur,-india-41"
Data Scientist,Data Scientist,Mid,"mock:mock-data-scientist-jaipur,-india-42"
Data Scientist,Data Scientist,Entry,"mock:mock-data-scientist-jaipur,-india-43"
Data Scientist,Data Scientist,Senior,"mock:mock-data-scientist-jaipur,-india-44"
Data Scientist,Data Scientist,Intern,"mock:mock-data-scientist-jaipur,-india-45"
Data Scientist,Data Scientist,Intern,"mock:mock-data-scientist-jaipur,-india-46"
Data Scientist,Data Scientist,Entry,"mock:mock-data-scientist-jaipur,-india-47"
Data Scientist,Data Scientist,Mid,"mock:mock-data-scientist-jaipur,-india-48"
Data Scientist,Data Scientist,Entry,"mock:mock-data-scientist-jaipur,-india-49"
Data Scientist,Data Scientist,Mid,"mock:mock-data-scientist-bengaluru,-india-0"
Data Scientist,Data Scientist,Intern,"mock:mock-data-scientist-bengaluru,-india-1"
Data Scientist,Data Scientist,Entry,"mock:mock-data-scientist-bengaluru,-india-2"
Data Scientist,Data Scientist,Senior,"mock:mock-data-scientist-bengaluru,-india-3"
Data Scientist,Data Scientist,Intern,"mock:mock-data-scientist-bengaluru,-india-4"
Data Scientist,Data Scientist,Entry,"mock:mock-data-scientist-bengaluru,-india-5"
Data Scientist,Data Scientist,Entry,"mock:mock-data-scientist-bengaluru,-india-6"
Data Scientist,Data Scientist,Entry,"mock:mock-data-scientist-bengaluru,-india-7"
Data Scientist,Data Scientist,Mid,"mock:mock-data-scientist-bengaluru,-india-8"
Data Scientist,Data Scientist,Intern,"mock:mock-data-scientist-bengaluru,-india-9"
Data Scientist,Data Scientist,Intern,"mock:mock-data-scientist-bengaluru,-india-10"
Data Scientist,Data Scientist,Intern,"mock:mock-data-scientist-bengaluru,-india-11"
Data Scientist,Data Scientist,Entry,"mock:mock-data-scientist-bengaluru,-india-12"
Data Scientist,Data Scientist,Entry,"mock:mock-data-scientist-bengaluru,-india-13"
Data Scientist,Data Scientist,Mid,"mock:mock-data-scientist-bengaluru,-india-14"
Data Scientist,Data Scientist,Entry,"mock:mock-data-scientist-bengaluru,-india-15"
Data Scientist,Data Scientist,Entry,"mock:mock-data-scientist-bengaluru,-india-16"
Data Scientist,Data Scientist,Entry,"mock:mock-data-scientist-bengaluru,-india-17"
Data Scientist,Data Scientist,Mid,"mock:mock-data-scientist-bengaluru,-india-18"
Data Scientist,Data Scientist,Mid,"mock:mock-data-scientist-bengaluru,-india-19"
Data Scientist,Data Scientist,Senior,"mock:mock-data-scientist-bengaluru,-india-20"
Data Scientist,Data Scientist,Mid,"mock:mock-data-scientist-bengaluru,-india-21"
Data Scientist,Data Scientist,Senior,"mock:mock-data-scientist-bengaluru,-india-22"
Data Scientist,Data Scientist,Mid,"mock:mock-data-scientist-bengaluru,-india-23"
Data Scientist,Data Scientist,Entry,"mock:mock-data-scientist-bengaluru,-india-24"
Data Scientist,Data Scientist,Entry,"mock:mock-data-scientist-bengaluru,-india-25"
Data Scientist,Data Scientist,Intern,"mock:mock-data-scientist-bengaluru,-india-26"
Data Scientist,Data Scientist,Intern,"mock:mock-data-scientist-bengaluru,-india-27"
Data Scientist,Data Scientist,Mid,"mock:mock-data-scientist-bengaluru,-india-28"
Data Scientist,Data Scientist,Entry,"mock:mock-data-scientist-bengaluru,-india-29"
Data Scientist,Data Scientist,Entry,"mock:mock-data-scientist-bengaluru,-india-30"
Data Scientist,Data Scientist,Intern,"mock:mock-data-scientist-bengaluru,-india-31"
Data Scientist,Data Scientist,Entry,"mock:mock-data-scientist-bengaluru,-india-32"
Data Scientist,Data Scientist,Intern,"mock:mock-data-scientist-bengaluru,-india-33"
Data Scientist,Data Scientist,Entry,"mock:mock-data-scientist-bengaluru,-india-34"
Data Scientist,Data Scientist,Mid,"mock:mock-data-scientist-bengaluru,-india-35"
Data Scientist,Data Scientist,Entry,"mock:mock-data-scientist-bengaluru,-india-36"
Data Scientist,Data Scientist,Entry,"mock:mock-data-scientist-bengaluru,-india-37"
Data Scientist,Data Scientist,Intern,"mock:mock-data-scientist-bengaluru,-india-38"
Data Scientist,Data Scientist,Mid,"mock:mock-data-scientist-bengaluru,-india-39"
Data Scientist,Data Scientist,Mid,"mock:mock-data-scientist-bengaluru,-india-40"
Data Scientist,Data Scientist,Senior,"mock:mock-data-scientist-bengaluru,-india-41"
Data Scientist,Data Scientist,Entry,"mock:mock-data-scientist-bengaluru,-india-42"
Data Scientist,Data Scientist,Entry,"mock:mock-data-scientist-bengaluru,-india-43"
Data Scientist,Data Scientist,Senior,"mock:mock-data-scientist-bengaluru,-india-44"
Data Scientist,Data Scientist,Intern,"mock:mock-data-scientist-bengaluru,-india-45"
Data Scientist,Data Scientist,Mid,"mock:mock-data-scientist-bengaluru,-india-46"
Data Scientist,Data Scientist,Senior,"mock:mock-data-scientist-bengaluru,-india-47"
Data Scientist,Data Scientist,Intern,"mock:mock-data-scientist-bengaluru,-india-48"
Data Scientist,Data Scientist,Entry,"mock:mock-data-scientist-bengaluru,-india-49"
Data Scientist,Data Scientist,Senior,"mock:mock-data-scientist-pune,-india-0"
Data Scientist,Data Scientist,Senior,"mock:mock-data-scientist-pune,-india-1"
Data Scientist,Data Scientist,Entry,"mock:mock-data-scientist-pune,-india-2"
Data Scientist,Data Scientist,Intern,"mock:mock-data-scientist-pune,-india-3"
Data Scientist,Data Scientist,Mid,"mock:mock-data-scientist-pune,-india-4"
Data Scientist,Data Scientist,Mid,"mock:mock-data-scientist-pune,-india-5"
Data Scientist,Data Scientist,Entry,"mock:mock-data-scientist-pune,-india-6"
Data Scientist,Data Scientist,Mid,"mock:mock-data-scientist-pune,-india-7"
Data Scientist,Data Scientist,Entry,"mock:mock-data-scientist-pune,-india-8"
Data Scientist,Data Scientist,Intern,"mock:mock-data-scientist-pune,-india-9"
Data Scientist,Data Scientist,Entry,"mock:mock-data-scientist-pune,-india-10"
Data Scientist,Data Scientist,Entry,"mock:mock-data-scientist-pune,-india-11"
Data Scientist,Data Scientist,Entry,"mock:mock-data-scientist-pune,-india-12"
Data Scientist,Data Scientist,Intern,"mock:mock-data-scientist-pune,-india-13"
Data Scientist,Data Scientist,Entry,"mock:mock-data-scientist-pune,-india-14"
Data Scientist,Data Scientist,Entry,"mock:mock-data-scientist-pune,-india-15"
Data Scientist,Data Scientist,Mid,"mock:mock-data-scientist-pune,-india-16"
Data Scientist,Data Scientist,Senior,"mock:mock-data-scientist-pune,-india-17"
Data Scientist,Data Scientist,Entry,"mock:mock-data-scientist-pune,-india-18"
Data Scientist,Data Scientist,Mid,"mock:mock-data-scientist-pune,-india-19"
Data Scientist,Data Scientist,Entry,"mock:mock-data-scientist-pune,-india-20"
Data Scientist,Data Scientist,Entry,"mock:mock-data-scientist-pune,-india-21"
Data Scientist,Data Scientist,Entry,"mock:mock-data-scientist-pune,-india-22"
Data Scientist,Data Scientist,Mid,"mock:mock-data-scientist-pune,-india-23"
Data Scientist,Data Scientist,Entry,"mock:mock-data-scientist-pune,-india-24"
Data Scientist,Data Scientist,Senior,"mock:mock-data-scientist-pune,-india-25"
Data Scientist,Data Scientist,Intern,"mock:mock-data-scientist-pune,-india-26"
Data Scientist,Data Scientist,Entry,"mock:mock-data-scientist-pune,-india-27"
Data Scientist,Data Scientist,Senior,"mock:mock-data-scientist-pune,-india-28"
Data Scientist,Data Scientist,Entry,"mock:mock-data-scientist-pune,-india-29"
Data Scientist,Data Scientist,Entry,"mock:mock-data-scientist-pune,-india-30"
Data Scientist,Data Scientist,Intern,"mock:mock-data-scientist-pune,-india-31"
Data Scientist,Data Scientist,Mid,"mock:mock-data-scientist-pune,-india-32"
Data Scientist,Data Scientist,Senior,"mock:mock-data-scientist-pune,-india-33"
Data Scientist,Data Scientist,Senior,"mock:mock-data-scientist-pune,-india-34"
Data Scientist,Data Scientist,Mid,"mock:mock-data-scientist-pune,-india-35"
Data Scientist,Data Scientist,Entry,"mock:mock-data-scientist-pune,-india-36"
Data Scientist,Data Scientist,Intern,"mock:mock-data-scientist-pune,-india-37"
Data Scientist,Data Scientist,Entry,"mock:mock-data-scientist-pune,-india-38"
Data Scientist,Data Scientist,Mid,"mock:mock-data-scientist-pune,-india-39"
Data Scientist,Data Scientist,Senior,"mock:mock-data-scientist-pune,-india-40"
Data Scientist,Data Scientist,Entry,"mock:mock-data-scientist-pune,-india-41"
Data Scientist,Data Scientist,Entry,"mock:mock-data-scientist-pune,-india-42"
Data Scientist,Data Scientist,Intern,"mock:mock-data-scientist-pune,-india-43"
Data Scientist,Data Scientist,Intern,"mock:mock-data-scientist-pune,-india-44"
Data Scientist,Data Scientist,Entry,"mock:mock-data-scientist-pune,-india-45"
Data Scientist,Data Scientist,Entry,"mock:mock-data-scientist-pune,-india-46"
Data Scientist,Data Scientist,Mid,"mock:mock-data-scientist-pune,-india-47"
Data Scientist,Data Scientist,Senior,"mock:mock-data-scientist-pune,-india-48"
Data Scientist,Data Scientist,Mid,"mock:mock-data-scientist-pune,-india-49"
Data Scientist,Data Scientist,Senior,"mock:mock-data-scientist-remote,-india-0"
Data Scientist,Data Scientist,Senior,"mock:mock-data-scientist-remote,-india-1"
Data Scientist,Data Scientist,Entry,"mock:mock-data-scientist-remote,-india-2"
Data Scientist,Data Scientist,Entry,"mock:mock-data-scientist-remote,-india-3"
Data Scientist,Data Scientist,Mid,"mock:mock-data-scientist-remote,-india-4"
Data Scientist,Data Scientist,Mid,"mock:mock-data-scientist-remote,-india-5"
Data Scientist,Data Scientist,Mid,"mock:mock-data-scientist-remote,-india-6"
Data Scientist,Data Scientist,Intern,"mock:mock-data-scientist-remote,-india-7"
Data Scientist,Data Scientist,Entry,"mock:mock-data-scientist-remote,-india-8"
Data Scientist,Data Scientist,Entry,"mock:mock-data-scientist-remote,-india-9"
Data Scientist,Data Scientist,Mid,"mock:mock-data-scientist-remote,-india-10"
Data Scientist,Data Scientist,Mid,"mock:mock-data-scientist-remote,-india-11"
Data Scientist,Data Scientist,Senior,"mock:mock-data-scientist-remote,-india-12"
Data Scientist,Data Scientist,Senior,"mock:mock-data-scientist-remote,-india-13"
Data Scientist,Data Scientist,Entry,"mock:mock-data-scientist-remote,-india-14"
Data Scientist,Data Scientist,Intern,"mock:mock-data-scientist-remote,-india-15"
Data Scientist,Data Scientist,Entry,"mock:mock-data-scientist-remote,-india-16"
Data Scientist,Data Scientist,Intern,"mock:mock-data-scientist-remote,-india-17"
Data Scientist,Data Scientist,Entry,"mock:mock-data-scientist-remote,-india-18"
Data Scientist,Data Scientist,Entry,"mock:mock-data-scientist-remote,-india-19"
Data Scientist,Data Scientist,Entry,"mock:mock-data-scientist-remote,-india-20"
Data Scientist,Data Scientist,Mid,"mock:mock-data-scientist-remote,-india-21"
Data Scientist,Data Scientist,Entry,"mock:mock-data-scientist-remote,-india-22"
Data Scientist,Data Scientist,Entry,"mock:mock-data-scientist-remote,-india-23"
Data Scientist,Data Scientist,Intern,"mock:mock-data-scientist-remote,-india-24"
Data Scientist,Data Scientist,Entry,"mock:mock-data-scientist-remote,-india-25"
Data Scientist,Data Scientist,Entry,"mock:mock-data-scientist-remote,-india-26"
Data Scientist,Data Scientist,Mid,"mock:mock-data-scientist-remote,-india-27"
Data Scientist,Data Scientist,Intern,"mock:mock-data-scientist-remote,-india-28"
Data Scientist,Data Scientist,Mid,"mock:mock-data-scientist-remote,-india-29"
Data Scientist,Data Scientist,Mid,"mock:mock-data-scientist-remote,-india-30"
Data Scientist,Data Scientist,Intern,"mock:mock-data-scientist-remote,-india-31"
Data Scientist,Data Scientist,Entry,"mock:mock-data-scientist-remote,-india-32"
Data Scientist,Data Scientist,Mid,"mock:mock-data-scientist-remote,-india-33"
Data Scientist,Data Scientist,Entry,"mock:mock-data-scientist-remote,-india-34"
Data Scientist,Data Scientist,Intern,"mock:mock-data-scientist-remote,-india-35"
Data Scientist,Data Scientist,Senior,"mock:mock-data-scientist-remote,-india-36"
Data Scientist,Data Scientist,Mid,"mock:mock-data-scientist-remote,-india-37"
Data Scientist,Data Scientist,Entry,"mock:mock-data-scientist-remote,-india-38"
Data Scientist,Data Scientist,Mid,"mock:mock-data-scientist-remote,-india-39"
Data Scientist,Data Scientist,Senior,"mock:mock-data-scientist-remote,-india-40"
Data Scientist,Data Scientist,Intern,"mock:mock-data-scientist-remote,-india-41"
Data Scientist,Data Scientist,Mid,"mock:mock-data-scientist-remote,-india-42"
Data Scientist,Data Scientist,Intern,"mock:mock-data-scientist-remote,-india-43"
Data Scientist,Data Scientist,Entry,"mock:mock-data-scientist-remote,-india-44"
Data Scientist,Data Scientist,Senior,"mock:mock-data-scientist-remote,-india-45"
Data Scientist,Data Scientist,Mid,"mock:mock-data-scientist-remote,-india-46"
Data Scientist,Data Scientist,Entry,"mock:mock-data-scientist-remote,-india-47"
Data Scientist,Data Scientist,Mid,"mock:mock-data-scientist-remote,-india-48"
Data Scientist,Data Scientist,Entry,"mock:mock-data-scientist-remote,-india-49"
ML Engineer,ML Engineer,Senior,"mock:mock-ml-engineer-jaipur,-india-0"
ML Engineer,ML Engineer,Intern,"mock:mock-ml-engineer-jaipur,-india-1"
ML Engineer,ML Engineer,Entry,"mock:mock-ml-engineer-jaipur,-india-2"
ML Engineer,ML Engineer,Mid,"mock:mock-ml-engineer-jaipur,-india-3"
ML Engineer,ML Engineer,Entry,"mock:mock-ml-engineer-jaipur,-india-4"
ML Engineer,ML Engineer,Mid,"mock:mock-ml-engineer-jaipur,-india-5"
ML Engineer,ML Engineer,Intern,"mock:mock-ml-engineer-jaipur,-india-6"
ML Engineer,ML Engineer,Entry,"mock:mock-ml-engineer-jaipur,-india-7"
ML Engineer,ML Engineer,Mid,"mock:mock-ml-engineer-jaipur,-india-8"
ML Engineer,ML Engineer,Mid,"mock:mock-ml-engineer-jaipur,-india-9"
ML Engineer,ML Engineer,Entry,"mock:mock-ml-engineer-jaipur,-india-10"
ML Engineer,ML Engineer,Entry,"mock:mock-ml-engineer-jaipur,-india-11"
ML Engineer,ML Engineer,Intern,"mock:mock-ml-engineer-jaipur,-india-12"
ML Engineer,ML Engineer,Entry,"mock:mock-ml-engineer-jaipur,-india-13"
ML Engineer,ML Engineer,Mid,"mock:mock-ml-engineer-jaipur,-india-14"
ML Engineer,ML Engineer,Entry,"mock:mock-ml-engineer-jaipur,-india-15"
ML Engineer,ML Engineer,Entry,"mock:mock-ml-engineer-jaipur,-india-16"
ML Engineer,ML Engineer,Mid,"mock:mock-ml-engineer-jaipur,-india-17"
ML Engineer,ML Engineer,Mid,"mock:mock-ml-engineer-jaipur,-india-18"
ML Engineer,ML Engineer,Senior,"mock:mock-ml-engineer-jaipur,-india-19"
ML Engineer,ML Engineer,Entry,"mock:mock-ml-engineer-jaipur,-india-20"
ML Engineer,ML Engineer,Intern,"mock:mock-ml-engineer-jaipur,-india-21"
ML Engineer,ML Engineer,Mid,"mock:mock-ml-engineer-jaipur,-india-22"
ML Engineer,ML Engineer,Senior,"mock:mock-ml-engineer-jaipur,-india-23"
ML Engineer,ML Engineer,Mid,"mock:mock-ml-engineer-jaipur,-india-24"
ML Engineer,ML Engineer,Senior,"mock:mock-ml-engineer-jaipur,-india-25"
ML Engineer,ML Engineer,Entry,"mock:mock-ml-engineer-jaipur,-india-26"
ML Engineer,ML Engineer,Mid,"mock:mock-ml-engineer-jaipur,-india-27"
ML Engineer,ML Engineer,Intern,"mock:mock-ml-engineer-jaipur,-india-28"
ML Engineer,ML Engineer,Intern,"mock:mock-ml-engineer-jaipur,-india-29"
ML Engineer,ML Engineer,Entry,"mock:mock-ml-engineer-jaipur,-india-30"
ML Engineer,ML Engineer,Mid,"mock:mock-ml-engineer-jaipur,-india-31"
ML Engineer,ML Engineer,Entry,"mock:mock-ml-engineer-jaipur,-india-32"
ML Engineer,ML Engineer,Intern,"mock:mock-ml-engineer-jaipur,-india-33"
ML Engineer,ML Engineer,Entry,"mock:mock-ml-engineer-jaipur,-india-34"
ML Engineer,ML Engineer,Mid,"mock:mock-ml-engineer-jaipur,-india-35"
ML Engineer,ML Engineer,Mid,"mock:mock-ml-engineer-jaipur,-india-36"
ML Engineer,ML Engineer,Senior,"mock:mock-ml-engineer-jaipur,-india-37"
ML Engineer,ML Engineer,Mid,"mock:mock-ml-engineer-jaipur,-india-38"
ML Engineer,ML Engineer,Entry,"mock:mock-ml-engineer-jaipur,-india-39"
ML Engineer,ML Engineer,Entry,"mock:mock-ml-engineer-jaipur,-india-40"
ML Engineer,ML Engineer,Intern,"mock:mock-ml-engineer-jaipur,-india-41"
ML Engineer,ML Engineer,Entry,"mock:mock-ml-engineer-jaipur,-india-42"
ML Engineer,ML Engineer,Mid,"mock:mock-ml-engineer-jaipur,-india-43"
ML Engineer,ML Engineer,Senior,"mock:mock-ml-engineer-jaipur,-india-44"
ML Engineer,ML Engineer,Intern,"mock:mock-ml-engineer-jaipur,-india-45"
ML Engineer,ML Engineer,Entry,"mock:mock-ml-engineer-jaipur,-india-46"
ML Engineer,ML Engineer,Senior,"mock:mock-ml-engineer-jaipur,-india-47"
ML Engineer,ML Engineer,Entry,"mock:mock-ml-engineer-jaipur,-india-48"
ML Engineer,ML Engineer,Entry,"mock:mock-ml-engineer-jaipur,-india-49"
ML Engineer,ML Engineer,Senior,"mock:mock-ml-engineer-bengaluru,-india-0"
ML Engineer,ML Engineer,Entry,"mock:mock-ml-engineer-bengaluru,-india-1"
ML Engineer,ML Engineer,Mid,"mock:mock-ml-engineer-bengaluru,-india-2"
ML Engineer,ML Engineer,Intern,"mock:mock-ml-engineer-bengaluru,-india-3"
ML Engineer,ML Engineer,Senior,"mock:mock-ml-engineer-bengaluru,-india-4"
ML Engineer,ML Engineer,Entry,"mock:mock-ml-engineer-bengaluru,-india-5"
ML Engineer,ML Engineer,Senior,"mock:mock-ml-engineer-bengaluru,-india-6"
ML Engineer,ML Engineer,Entry,"mock:mock-ml-engineer-bengaluru,-india-7"
ML Engineer,ML Engineer,Entry,"mock:mock-ml-engineer-bengaluru,-india-8"
ML Engineer,ML Engineer,Entry,"mock:mock-ml-engineer-bengaluru,-india-9"
ML Engineer,ML Engineer,Senior,"mock:mock-ml-engineer-bengaluru,-india-10"
ML Engineer,ML Engineer,Intern,"mock:mock-ml-engineer-bengaluru,-india-11"
ML Engineer,ML Engineer,Senior,"mock:mock-ml-engineer-bengaluru,-india-12"
ML Engineer,ML Engineer,Mid,"mock:mock-ml-engineer-bengaluru,-india-13"
ML Engineer,ML Engineer,Senior,"mock:mock-ml-engineer-bengaluru,-india-14"
ML Engineer,ML Engineer,Entry,"mock:mock-ml-engineer-bengaluru,-india-15"
ML Engineer,ML Engineer,Mid,"mock:mock-ml-engineer-bengaluru,-india-16"
ML Engineer,ML Engineer,Mid,"mock:mock-ml-engineer-bengaluru,-india-17"
ML Engineer,ML Engineer,Senior,"mock:mock-ml-engineer-bengaluru,-india-18"
ML Engineer,ML Engineer,Mid,"mock:mock-ml-engineer-bengaluru,-india-19"
ML Engineer,ML Engineer,Mid,"mock:mock-ml-engineer-bengaluru,-india-20"
ML Engineer,ML Engineer,Entry,"mock:mock-ml-engineer-bengaluru,-india-21"
ML Engineer,ML Engineer,Entry,"mock:mock-ml-engineer-bengaluru,-india-22"
ML Engineer,ML Engineer,Intern,"mock:mock-ml-engineer-bengaluru,-india-23"
ML Engineer,ML Engineer,Mid,"mock:mock-ml-engineer-bengaluru,-india-24"
ML Engineer,ML Engineer,Entry,"mock:mock-ml-engineer-bengaluru,-india-25"
ML Engineer,ML Engineer,Entry,"mock:mock-ml-engineer-bengaluru,-india-26"
ML Engineer,ML Engineer,Entry,"mock:mock-ml-engineer-bengaluru,-india-27"
ML Engineer,ML Engineer,Entry,"mock:mock-ml-engineer-bengaluru,-india-28"
ML Engineer,ML Engineer,Senior,"mock:mock-ml-engineer-bengaluru,-india-29"
ML Engineer,ML Engineer,Mid,"mock:mock-ml-engineer-bengaluru,-india-30"
ML Engineer,ML Engineer,Entry,"mock:mock-ml-engineer-bengaluru,-india-31"
ML Engineer,ML Engineer,Mid,"mock:mock-ml-engineer-bengaluru,-india-32"
ML Engineer,ML Engineer,Entry,"mock:mock-ml-engineer-bengaluru,-india-33"
ML Engineer,ML Engineer,Entry,"mock:mock-ml-engineer-bengaluru,-india-34"
ML Engineer,ML Engineer,Senior,"mock:mock-ml-engineer-bengaluru,-india-35"
ML Engineer,ML Engineer,Mid,"mock:mock-ml-engineer-bengaluru,-india-36"
ML Engineer,ML Engineer,Entry,"mock:mock-ml-engineer-bengaluru,-india-37"
ML Engineer,ML Engineer,Intern,"mock:mock-ml-engineer-bengaluru,-india-38"
ML Engineer,ML Engineer,Mid,"mock:mock-ml-engineer-bengaluru,-india-39"
ML Engineer,ML Engineer,Intern,"mock:mock-ml-engineer-bengaluru,-india-40"
ML Engineer,ML Engineer,Mid,"mock:mock-ml-engineer-bengaluru,-india-41"
ML Engineer,ML Engineer,Entry,"mock:mock-ml-engineer-bengaluru,-india-42"
ML Engineer,ML Engineer,Mid,"mock:mock-ml-engineer-bengaluru,-india-43"
ML Engineer,ML Engineer,Intern,"mock:mock-ml-engineer-bengaluru,-india-44"
ML Engineer,ML Engineer,Senior,"mock:mock-ml-engineer-bengaluru,-india-45"
ML Engineer,ML Engineer,Entry,"mock:mock-ml-engineer-bengaluru,-india-46"
ML Engineer,ML Engineer,Mid,"mock:mock-ml-engineer-bengaluru,-india-47"
ML Engineer,ML Engineer,Mid,"mock:mock-ml-engineer-bengaluru,-india-48"
ML Engineer,ML Engineer,Mid,"mock:mock-ml-engineer-bengaluru,-india-49"
ML Engineer,ML Engineer,Mid,"mock:mock-ml-engineer-pune,-india-0"
ML Engineer,ML Engineer,Entry,"mock:mock-ml-engineer-pune,-india-1"
ML Engineer,ML Engineer,Senior,"mock:mock-ml-engineer-pune,-india-2"
ML Engineer,ML Engineer,Senior,"mock:mock-ml-engineer-pune,-india-3"
ML Engineer,ML Engineer,Intern,"mock:mock-ml-engineer-pune,-india-4"
ML Engineer,ML Engineer,Mid,"mock:mock-ml-engineer-pune,-india-5"
ML Engineer,ML Engineer,Mid,"mock:mock-ml-engineer-pune,-india-6"
ML Engineer,ML Engineer,Mid,"mock:mock-ml-engineer-pune,-india-7"
ML Engineer,ML Engineer,Entry,"mock:mock-ml-engineer-pune,-india-8"
ML Engineer,ML Engineer,Mid,"mock:mock-ml-engineer-pune,-india-9"
ML Engineer,ML Engineer,Entry,"mock:mock-ml-engineer-pune,-india-10"
ML Engineer,ML Engineer,Mid,"mock:mock-ml-engineer-pune,-india-11"
ML Engineer,ML Engineer,Senior,"mock:mock-ml-engineer-pune,-india-12"
ML Engineer,ML Engineer,Mid,"mock:mock-ml-engineer-pune,-india-13"
ML Engineer,ML Engineer,Mid,"mock:mock-ml-engineer-pune,-india-14"
ML Engineer,ML Engineer,Entry,"mock:mock-ml-engineer-pune,-india-15"
ML Engineer,ML Engineer,Mid,"mock:mock-ml-engineer-pune,-india-16"
ML Engineer,ML Engineer,Mid,"mock:mock-ml-engineer-pune,-india-17"
ML Engineer,ML Engineer,Entry,"mock:mock-ml-engineer-pune,-india-18"
ML Engineer,ML Engineer,Mid,"mock:mock-ml-engineer-pune,-india-19"
ML Engineer,ML Engineer,Entry,"mock:mock-ml-engineer-pune,-india-20"
ML Engineer,ML Engineer,Intern,"mock:mock-ml-engineer-pune,-india-21"
ML Engineer,ML Engineer,Senior,"mock:mock-ml-engineer-pune,-india-22"
ML Engineer,ML Engineer,Entry,"mock:mock-ml-engineer-pune,-india-23"
ML Engineer,ML Engineer,Intern,"mock:mock-ml-engineer-pune,-india-24"
ML Engineer,ML Engineer,Entry,"mock:mock-ml-engineer-pune,-india-25"
ML Engineer,ML Engineer,Senior,"mock:mock-ml-engineer-pune,-india-26"
ML Engineer,ML Engineer,Entry,"mock:mock-ml-engineer-pune,-india-27"
ML Engineer,ML Engineer,Intern,"mock:mock-ml-engineer-pune,-india-28"
ML Engineer,ML Engineer,Entry,"mock:mock-ml-engineer-pune,-india-29"
ML Engineer,ML Engineer,Entry,"mock:mock-ml-engineer-pune,-india-30"
ML Engineer,ML Engineer,Senior,"mock:mock-ml-engineer-pune,-india-31"
ML Engineer,ML Engineer,Mid,"mock:mock-ml-engineer-pune,-india-32"
ML Engineer,ML Engineer,Entry,"mock:mock-ml-engineer-pune,-india-33"
ML Engineer,ML Engineer,Entry,"mock:mock-ml-engineer-pune,-india-34"
ML Engineer,ML Engineer,Mid,"mock:mock-ml-engineer-pune,-india-35"
ML Engineer,ML Engineer,Entry,"mock:mock-ml-engineer-pune,-india-36"
ML Engineer,ML Engineer,Entry,"mock:mock-ml-engineer-pune,-india-37"
ML Engineer,ML Engineer,Mid,"mock:mock-ml-engineer-pune,-india-38"
ML Engineer,ML Engineer,Entry,"mock:mock-ml-engineer-pune,-india-39"
ML Engineer,ML Engineer,Senior,"mock:mock-ml-engineer-pune,-india-40"
ML Engineer,ML Engineer,Mid,"mock:mock-ml-engineer-pune,-india-41"
ML Engineer,ML Engineer,Intern,"mock:mock-ml-engineer-pune,-india-42"
ML Engineer,ML Engineer,Entry,"mock:mock-ml-engineer-pune,-india-43"
ML Engineer,ML Engineer,Intern,"mock:mock-ml-engineer-pune,-india-44"
ML Engineer,ML Engineer,Mid,"mock:mock-ml-engineer-pune,-india-45"
ML Engineer,ML Engineer,Mid,"mock:mock-ml-engineer-pune,-india-46"
ML Engineer,ML Engineer,Entry,"mock:mock-ml-engineer-pune,-india-47"
ML Engineer,ML Engineer,Entry,"mock:mock-ml-engineer-pune,-india-48"
ML Engineer,ML Engineer,Senior,"mock:mock-ml-engineer-pune,-india-49"
ML Engineer,ML Engineer,Entry,"mock:mock-ml-engineer-remote,-india-0"
ML Engineer,ML Engineer,Intern,"mock:mock-ml-engineer-remote,-india-1"
ML Engineer,ML Engineer,Entry,"mock:mock-ml-engineer-remote,-india-2"
ML Engineer,ML Engineer,Mid,"mock:mock-ml-engineer-remote,-india-3"
ML Engineer,ML Engineer,Mid,"mock:mock-ml-engineer-remote,-india-4"
ML Engineer,ML Engineer,Intern,"mock:mock-ml-engineer-remote,-india-5"
ML Engineer,ML Engineer,Mid,"mock:mock-ml-engineer-remote,-india-6"
ML Engineer,ML Engineer,Entry,"mock:mock-ml-engineer-remote,-india-7"
ML Engineer,ML Engineer,Entry,"mock:mock-ml-engineer-remote,-india-8"
ML Engineer,ML Engineer,Entry,"mock:mock-ml-engineer-remote,-india-9"
ML Engineer,ML Engineer,Intern,"mock:mock-ml-engineer-remote,-india-10"
ML Engineer,ML Engineer,Mid,"mock:mock-ml-engineer-remote,-india-11"
ML Engineer,ML Engineer,Intern,"mock:mock-ml-engineer-remote,-india-12"
ML Engineer,ML Engineer,Senior,"mock:mock-ml-engineer-remote,-india-13"
ML Engineer,ML Engineer,Entry,"mock:mock-ml-engineer-remote,-india-14"
ML Engineer,ML Engineer,Senior,"mock:mock-ml-engineer-remote,-india-15"
ML Engineer,ML Engineer,Senior,"mock:mock-ml-engineer-remote,-india-16"
ML Engineer,ML Engineer,Entry,"mock:mock-ml-engineer-remote,-india-17"
ML Engineer,ML Engineer,Entry,"mock:mock-ml-engineer-remote,-india-18"
ML Engineer,ML Engineer,Entry,"mock:mock-ml-engineer-remote,-india-19"
ML Engineer,ML Engineer,Mid,"mock:mock-ml-engineer-remote,-india-20"
ML Engineer,ML Engineer,Entry,"mock:mock-ml-engineer-remote,-india-21"
ML Engineer,ML Engineer,Mid,"mock:mock-ml-engineer-remote,-india-22"
ML Engineer,ML Engineer,Entry,"mock:mock-ml-engineer-remote,-india-23"
ML Engineer,ML Engineer,Mid,"mock:mock-ml-engineer-remote,-india-24"
ML Engineer,ML Engineer,Intern,"mock:mock-ml-engineer-remote,-india-25"
ML Engineer,ML Engineer,Entry,"mock:mock-ml-engineer-remote,-india-26"
ML Engineer,ML Engineer,Entry,"mock:mock-ml-engineer-remote,-india-27"
ML Engineer,ML Engineer,Mid,"mock:mock-ml-engineer-remote,-india-28"
ML Engineer,ML Engineer,Entry,"mock:mock-ml-engineer-remote,-india-29"
ML Engineer,ML Engineer,Entry,"mock:mock-ml-engineer-remote,-india-30"
ML Engineer,ML Engineer,Senior,"mock:mock-ml-engineer-remote,-india-31"
ML Engineer,ML Engineer,Senior,"mock:mock-ml-engineer-remote,-india-32"
ML Engineer,ML Engineer,Mid,"mock:mock-ml-engineer-remote,-india-33"
ML Engineer,ML Engineer,Mid,"mock:mock-ml-engineer-remote,-india-34"
ML Engineer,ML Engineer,Entry,"mock:mock-ml-engineer-remote,-india-35"
ML Engineer,ML Engineer,Entry,"mock:mock-ml-engineer-remote,-india-36"
ML Engineer,ML Engineer,Mid,"mock:mock-ml-engineer-remote,-india-37"
ML Engineer,ML Engineer,Entry,"mock:mock-ml-engineer-remote,-india-38"
ML Engineer,ML Engineer,Mid,"mock:mock-ml-engineer-remote,-india-39"
ML Engineer,ML Engineer,Senior,"mock:mock-ml-engineer-remote,-india-40"
ML Engineer,ML Engineer,Senior,"mock:mock-ml-engineer-remote,-india-41"
ML Engineer,ML Engineer,Mid,"mock:mock-ml-engineer-remote,-india-42"
ML Engineer,ML Engineer,Mid,"mock:mock-ml-engineer-remote,-india-43"
ML Engineer,ML Engineer,Intern,"mock:mock-ml-engineer-remote,-india-44"
ML Engineer,ML Engineer,Entry,"mock:mock-ml-engineer-remote,-india-45"
ML Engineer,ML Engineer,Mid,"mock:mock-ml-engineer-remote,-india-46"
ML Engineer,ML Engineer,Senior,"mock:mock-ml-engineer-remote,-india-47"
ML Engineer,ML Engineer,Intern,"mock:mock-ml-engineer-remote,-india-48"
ML Engineer,ML Engineer,Senior,"mock:mock-ml-engineer-remote,-india-49"
Backend Developer,Backend Developer,Intern,"mock:mock-backend-developer-jaipur,-india-0"
Backend Developer,Backend Developer,Senior,"mock:mock-backend-developer-jaipur,-india-1"
Backend Developer,Backend Developer,Mid,"mock:mock-backend-developer-jaipur,-india-2"
Backend Developer,Backend Developer,Senior,"mock:mock-backend-developer-jaipur,-india-3"
Backend Developer,Backend Developer,Senior,"mock:mock-backend-developer-jaipur,-india-4"
Backend Developer,Backend Developer,Mid,"mock:mock-backend-developer-jaipur,-india-5"
Backend Developer,Backend Developer,Entry,"mock:mock-backend-developer-jaipur,-india-6"
Backend Developer,Backend Developer,Senior,"mock:mock-backend-developer-jaipur,-india-7"
Backend Developer,Backend Developer,Intern,"mock:mock-backend-developer-jaipur,-india-8"
Backend Developer,Backend Developer,Entry,"mock:mock-backend-developer-jaipur,-india-9"
Backend Developer,Backend Developer,Senior,"mock:mock-backend-developer-jaipur,-india-10"
Backend Developer,Backend Developer,Entry,"mock:mock-backend-developer-jaipur,-india-11"
Backend Developer,Backend Developer,Senior,"mock:mock-backend-developer-jaipur,-india-12"
Backend Developer,Backend Developer,Entry,"mock:mock-backend-developer-jaipur,-india-13"
Backend Developer,Backend Developer,Entry,"mock:mock-backend-developer-jaipur,-india-14"
Backend Developer,Backend Developer,Mid,"mock:mock-backend-developer-jaipur,-india-15"
Backend Developer,Backend Developer,Intern,"mock:mock-backend-developer-jaipur,-india-16"
Backend Developer,Backend Developer,Entry,"mock:mock-backend-developer-jaipur,-india-17"
Backend Developer,Backend Developer,Mid,"mock:mock-backend-developer-jaipur,-india-18"
Backend Developer,Backend Developer,Intern,"mock:mock-backend-developer-jaipur,-india-19"
Backend Developer,Backend Developer,Mid,"mock:mock-backend-developer-jaipur,-india-20"
Backend Developer,Backend Developer,Entry,"mock:mock-backend-developer-jaipur,-india-21"
Backend Developer,Backend Developer,Mid,"mock:mock-backend-developer-jaipur,-india-22"
Backend Developer,Backend Developer,Mid,"mock:mock-backend-developer-jaipur,-india-23"
Backend Developer,Backend Developer,Entry,"mock:mock-backend-developer-jaipur,-india-24"
Backend Developer,Backend Developer,Mid,"mock:mock-backend-developer-jaipur,-india-25"
Backend Developer,Backend Developer,Entry,"mock:mock-backend-developer-jaipur,-india-26"
Backend Developer,Backend Developer,Intern,"mock:mock-backend-developer-jaipur,-india-27"
Backend Developer,Backend Developer,Mid,"mock:mock-backend-developer-jaipur,-india-28"
Backend Developer,Backend Developer,Entry,"mock:mock-backend-developer-jaipur,-india-29"
Backend Developer,Backend Developer,Senior,"mock:mock-backend-developer-jaipur,-india-30"
Backend Developer,Backend Developer,Senior,"mock:mock-backend-developer-jaipur,-india-31"
Backend Developer,Backend Developer,Entry,"mock:mock-backend-developer-jaipur,-india-32"
Backend Developer,Backend Developer,Intern,"mock:mock-backend-developer-jaipur,-india-33"
Backend Developer,Backend Developer,Entry,"mock:mock-backend-developer-jaipur,-india-34"
Backend Developer,Backend Developer,Intern,"mock:mock-backend-developer-jaipur,-india-35"
Backend Developer,Backend Developer,Senior,"mock:mock-backend-developer-jaipur,-india-36"
Backend Developer,Backend Developer,Intern,"mock:mock-backend-developer-jaipur,-india-37"
Backend Developer,Backend Developer,Senior,"mock:mock-backend-developer-jaipur,-india-38"
Backend Developer,Backend Developer,Intern,"mock:mock-backend-developer-jaipur,-india-39"
Backend Developer,Backend Developer,Intern,"mock:mock-backend-developer-jaipur,-india-40"
Backend Developer,Backend Developer,Entry,"mock:mock-backend-developer-jaipur,-india-41"
Backend Developer,Backend Developer,Entry,"mock:mock-backend-developer-jaipur,-india-42"
Backend Developer,Backend Developer,Entry,"mock:mock-backend-developer-jaipur,-india-43"
Backend Developer,Backend Developer,Entry,"mock:mock-backend-developer-jaipur,-india-44"
Backend Developer,Backend Developer,Mid,"mock:mock-backend-developer-jaipur,-india-45"
Backend Developer,Backend Developer,Mid,"mock:mock-backend-developer-jaipur,-india-46"
Backend Developer,Backend Developer,Mid,"mock:mock-backend-developer-jaipur,-india-47"
Backend Developer,Backend Developer,Entry,"mock:mock-backend-developer-jaipur,-india-48"
Backend Developer,Backend Developer,Entry,"mock:mock-backend-developer-jaipur,-india-49"
Backend Developer,Backend Developer,Intern,"mock:mock-backend-developer-bengaluru,-india-0"
Backend Developer,Backend Developer,Senior,"mock:mock-backend-developer-bengaluru,-india-1"
Backend Developer,Backend Developer,Mid,"mock:mock-backend-developer-bengaluru,-india-2"
Backend Developer,Backend Developer,Entry,"mock:mock-backend-developer-bengaluru,-india-3"
Backend Developer,Backend Developer,Senior,"mock:mock-backend-developer-bengaluru,-india-4"
Backend Developer,Backend Developer,Entry,"mock:mock-backend-developer-bengaluru,-india-5"
Backend Developer,Backend Developer,Senior,"mock:mock-backend-developer-bengaluru,-india-6"
Backend Developer,Backend Developer,Entry,"mock:mock-backend-developer-bengaluru,-india-7"
Backend Developer,Backend Developer,Entry,"mock:mock-backend-developer-bengaluru,-india-8"
Backend Developer,Backend Developer,Entry,"mock:mock-backend-developer-bengaluru,-india-9"
Backend Developer,Backend Developer,Intern,"mock:mock-backend-developer-bengaluru,-india-10"
Backend Developer,Backend Developer,Intern,"mock:mock-backend-developer-bengaluru,-india-11"
Backend Developer,Backend Developer,Entry,"mock:mock-backend-developer-bengaluru,-india-12"
Backend Developer,Backend Developer,Senior,"mock:mock-backend-developer-bengaluru,-india-13"
Backend Developer,Backend Developer,Senior,"mock:mock-backend-developer-bengaluru,-india-14"
Backend Developer,Backend Developer,Entry,"mock:mock-backend-developer-bengaluru,-india-15"
Backend Developer,Backend Developer,Entry,"mock:mock-backend-developer-bengaluru,-india-16"
Backend Developer,Backend Developer,Senior,"mock:mock-backend-developer-bengaluru,-india-17"
Backend Developer,Backend Developer,Intern,"mock:mock-backend-developer-bengaluru,-india-18"
Backend Developer,Backend Developer,Mid,"mock:mock-backend-developer-bengaluru,-india-19"
Backend Developer,Backend Developer,Intern,"mock:mock-backend-developer-bengaluru,-india-20"
Backend Developer,Backend Developer,Entry,"mock:mock-backend-developer-bengaluru,-india-21"
Backend Developer,Backend Developer,Mid,"mock:mock-backend-developer-bengaluru,-india-22"
Backend Developer,Backend Developer,Senior,"mock:mock-backend-developer-bengaluru,-india-23"
Backend Developer,Backend Developer,Entry,"mock:mock-backend-developer-bengaluru,-india-24"
Backend Developer,Backend Developer,Mid,"mock:mock-backend-developer-bengaluru,-india-25"
Backend Developer,Backend Developer,Entry,"mock:mock-backend-developer-bengaluru,-india-26"
Backend Developer,Backend Developer,Mid,"mock:mock-backend-developer-bengaluru,-india-27"
Backend Developer,Backend Developer,Entry,"mock:mock-backend-developer-bengaluru,-india-28"
Backend Developer,Backend Developer,Intern,"mock:mock-backend-developer-bengaluru,-india-29"
Backend Developer,Backend Developer,Entry,"mock:mock-backend-developer-bengaluru,-india-30"
Backend Developer,Backend Developer,Mid,"mock:mock-backend-developer-bengaluru,-india-31"
Backend Developer,Backend Developer,Mid,"mock:mock-backend-developer-bengaluru,-india-32"
Backend Developer,Backend Developer,Mid,"mock:mock-backend-developer-bengaluru,-india-33"
Backend Developer,Backend Developer,Senior,"mock:mock-backend-developer-bengaluru,-india-34"
Backend Developer,Backend Developer,Senior,"mock:mock-backend-developer-bengaluru,-india-35"
Backend Developer,Backend Developer,Intern,"mock:mock-backend-developer-bengaluru,-india-36"
Backend Developer,Backend Developer,Mid,"mock:mock-backend-developer-bengaluru,-india-37"
Backend Developer,Backend Developer,Mid,"mock:mock-backend-developer-bengaluru,-india-38"
Backend Developer,Backend Developer,Mid,"mock:mock-backend-developer-bengaluru,-india-39"
Backend Developer,Backend Developer,Entry,"mock:mock-backend-developer-bengaluru,-india-40"
Backend Developer,Backend Developer,Mid,"mock:mock-backend-developer-bengaluru,-india-41"
Backend Developer,Backend Developer,Intern,"mock:mock-backend-developer-bengaluru,-india-42"
Backend Developer,Backend Developer,Entry,"mock:mock-backend-developer-bengaluru,-india-43"
Backend Developer,Backend Developer,Mid,"mock:mock-backend-developer-bengaluru,-india-44"
Backend Developer,Backend Developer,Intern,"mock:mock-backend-developer-bengaluru,-india-45"
Backend Developer,Backend Developer,Mid,"mock:mock-backend-developer-bengaluru,-india-46"
Backend Developer,Backend Developer,Entry,"mock:mock-backend-developer-bengaluru,-india-47"
Backend Developer,Backend Developer,Mid,"mock:mock-backend-developer-bengaluru,-india-48"
Backend Developer,Backend Developer,Entry,"mock:mock-backend-developer-bengaluru,-india-49"
Backend Developer,Backend Developer,Mid,"mock:mock-backend-developer-pune,-india-0"
Backend Developer,Backend Developer,Entry,"mock:mock-backend-developer-pune,-india-1"
Backend Developer,Backend Developer,Intern,"mock:mock-backend-developer-pune,-india-2"
Backend Developer,Backend Developer,Mid,"mock:mock-backend-developer-pune,-india-3"
Backend Developer,Backend Developer,Entry,"mock:mock-backend-developer-pune,-india-4"
Backend Developer,Backend Developer,Entry,"mock:mock-backend-developer-pune,-india-5"
Backend Developer,Backend Developer,Entry,"mock:mock-backend-developer-pune,-india-6"
Backend Developer,Backend Developer,Mid,"mock:mock-backend-developer-pune,-india-7"
Backend Developer,Backend Developer,Mid,"mock:mock-backend-developer-pune,-india-8"
Backend Developer,Backend Developer,Senior,"mock:mock-backend-developer-pune,-india-9"
Backend Developer,Backend Developer,Entry,"mock:mock-backend-developer-pune,-india-10"
Backend Developer,Backend Developer,Senior,"mock:mock-backend-developer-pune,-india-11"
Backend Developer,Backend Developer,Senior,"mock:mock-backend-developer-pune,-india-12"
Backend Developer,Backend Developer,Mid,"mock:mock-backend-developer-pune,-india-13"
Backend Developer,Backend Developer,Entry,"mock:mock-backend-developer-pune,-india-14"
Backend Developer,Backend Developer,Entry,"mock:mock-backend-developer-pune,-india-15"
Backend Developer,Backend Developer,Entry,"mock:mock-backend-developer-pune,-india-16"
Backend Developer,Backend Developer,Mid,"mock:mock-backend-developer-pune,-india-17"
Backend Developer,Backend Developer,Mid,"mock:mock-backend-developer-pune,-india-18"
Backend Developer,Backend Developer,Mid,"mock:mock-backend-developer-pune,-india-19"
Backend Developer,Backend Developer,Mid,"mock:mock-backend-developer-pune,-india-20"
Backend Developer,Backend Developer,Mid,"mock:mock-backend-developer-pune,-india-21"
Backend Developer,Backend Developer,Mid,"mock:mock-backend-developer-pune,-india-22"
Backend Developer,Backend Developer,Mid,"mock:mock-backend-developer-pune,-india-23"
Backend Developer,Backend Developer,Intern,"mock:mock-backend-developer-pune,-india-24"
Backend Developer,Backend Developer,Intern,"mock:mock-backend-developer-pune,-india-25"
Backend Developer,Backend Developer,Entry,"mock:mock-backend-developer-pune,-india-26"
Backend Developer,Backend Developer,Entry,"mock:mock-backend-developer-pune,-india-27"
Backend Developer,Backend Developer,Mid,"mock:mock-backend-developer-pune,-india-28"
Backend Developer,Backend Developer,Mid,"mock:mock-backend-developer-pune,-india-29"
Backend Developer,Backend Developer,Mid,"mock:mock-backend-developer-pune,-india-30"
Backend Developer,Backend Developer,Senior,"mock:mock-backend-developer-pune,-india-31"
Backend Developer,Backend Developer,Mid,"mock:mock-backend-developer-pune,-india-32"
Backend Developer,Backend Developer,Intern,"mock:mock-backend-developer-pune,-india-33"
Backend Developer,Backend Developer,Entry,"mock:mock-backend-developer-pune,-india-34"
Backend Developer,Backend Developer,Mid,"mock:mock-backend-developer-pune,-india-35"
Backend Developer,Backend Developer,Senior,"mock:mock-backend-developer-pune,-india-36"
Backend Developer,Backend Developer,Mid,"mock:mock-backend-developer-pune,-india-37"
Backend Developer,Backend Developer,Senior,"mock:mock-backend-developer-pune,-india-38"
Backend Developer,Backend Developer,Senior,"mock:mock-backend-developer-pune,-india-39"
Backend Developer,Backend Developer,Mid,"mock:mock-backend-developer-pune,-india-40"
Backend Developer,Backend Developer,Mid,"mock:mock-backend-developer-pune,-india-41"
Backend Developer,Backend Developer,Senior,"mock:mock-backend-developer-pune,-india-42"
Backend Developer,Backend Developer,Mid,"mock:mock-backend-developer-pune,-india-43"
Backend Developer,Backend Developer,Mid,"mock:mock-backend-developer-pune,-india-44"
Backend Developer,Backend Developer,Senior,"mock:mock-backend-developer-pune,-india-45"
Backend Developer,Backend Developer,Intern,"mock:mock-backend-developer-pune,-india-46"
Backend Developer,Backend Developer,Entry,"mock:mock-backend-developer-pune,-india-47"
Backend Developer,Backend Developer,Entry,"mock:mock-backend-developer-pune,-india-48"
Backend Developer,Backend Developer,Senior,"mock:mock-backend-developer-pune,-india-49"
Backend Developer,Backend Developer,Intern,"mock:mock-backend-developer-remote,-india-0"
Backend Developer,Backend Developer,Mid,"mock:mock-backend-developer-remote,-india-1"
Backend Developer,Backend Developer,Entry,"mock:mock-backend-developer-remote,-india-2"
Backend Developer,Backend Developer,Mid,"mock:mock-backend-developer-remote,-india-3"
Backend Developer,Backend Developer,Mid,"mock:mock-backend-developer-remote,-india-4"
Backend Developer,Backend Developer,Mid,"mock:mock-backend-developer-remote,-india-5"
Backend Developer,Backend Developer,Entry,"mock:mock-backend-developer-remote,-india-6"
Backend Developer,Backend Developer,Mid,"mock:mock-backend-developer-remote,-india-7"
Backend Developer,Backend Developer,Entry,"mock:mock-backend-developer-remote,-india-8"
Backend Developer,Backend Developer,Entry,"mock:mock-backend-developer-remote,-india-9"
Backend Developer,Backend Developer,Mid,"mock:mock-backend-developer-remote,-india-10"
Backend Developer,Backend Developer,Mid,"mock:mock-backend-developer-remote,-india-11"
Backend Developer,Backend Developer,Mid,"mock:mock-backend-developer-remote,-india-12"
Backend Developer,Backend Developer,Mid,"mock:mock-backend-developer-remote,-india-13"
Backend Developer,Backend Developer,Mid,"mock:mock-backend-developer-remote,-india-14"
Backend Developer,Backend Developer,Entry,"mock:mock-backend-developer-remote,-india-15"
Backend Developer,Backend Developer,Entry,"mock:mock-backend-developer-remote,-india-16"
Backend Developer,Backend Developer,Entry,"mock:mock-backend-developer-remote,-india-17"
Backend Developer,Backend Developer,Intern,"mock:mock-backend-developer-remote,-india-18"
Backend Developer,Backend Developer,Intern,"mock:mock-backend-developer-remote,-india-19"
Backend Developer,Backend Developer,Mid,"mock:mock-backend-developer-remote,-india-20"
Backend Developer,Backend Developer,Mid,"mock:mock-backend-developer-remote,-india-21"
Backend Developer,Backend Developer,Entry,"mock:mock-backend-developer-remote,-india-22"
Backend Developer,Backend Developer,Mid,"mock:mock-backend-developer-remote,-india-23"
Backend Developer,Backend Developer,Mid,"mock:mock-backend-developer-remote,-india-24"
Backend Developer,Backend Developer,Entry,"mock:mock-backend-developer-remote,-india-25"
Backend Developer,Backend Developer,Mid,"mock:mock-backend-developer-remote,-india-26"
Backend Developer,Backend Developer,Entry,"mock:mock-backend-developer-remote,-india-27"
Backend Developer,Backend Developer,Entry,"mock:mock-backend-developer-remote,-india-28"
Backend Developer,Backend Developer,Entry,"mock:mock-backend-developer-remote,-india-29"
Backend Developer,Backend Developer,Entry,"mock:mock-backend-developer-remote,-india-30"
Backend Developer,Backend Developer,Senior,"mock:mock-backend-developer-remote,-india-31"
Backend Developer,Backend Developer,Entry,"mock:mock-backend-developer-remote,-india-32"
Backend Developer,Backend Developer,Senior,"mock:mock-backend-developer-remote,-india-33"
Backend Developer,Backend Developer,Intern,"mock:mock-backend-developer-remote,-india-34"
Backend Developer,Backend Developer,Senior,"mock:mock-backend-developer-remote,-india-35"
Backend Developer,Backend Developer,Entry,"mock:mock-backend-developer-remote,-india-36"
Backend Developer,Backend Developer,Mid,"mock:mock-backend-developer-remote,-india-37"
Backend Developer,Backend Developer,Entry,"mock:mock-backend-developer-remote,-india-38"
Backend Developer,Backend Developer,Mid,"mock:mock-backend-developer-remote,-india-39"
Backend Developer,Backend Developer,Mid,"mock:mock-backend-developer-remote,-india-40"
Backend Developer,Backend Developer,Senior,"mock:mock-backend-developer-remote,-india-41"
Backend Developer,Backend Developer,Mid,"mock:mock-backend-developer-remote,-india-42"
Backend Developer,Backend Developer,Mid,"mock:mock-backend-developer-remote,-india-43"
Backend Developer,Backend Developer,Mid,"mock:mock-backend-developer-remote,-india-44"
Backend Developer,Backend Developer,Senior,"mock:mock-backend-developer-remote,-india-45"
Backend Developer,Backend Developer,Senior,"mock:mock-backend-developer-remote,-india-46"
Backend Developer,Backend Developer,Entry,"mock:mock-backend-developer-remote,-india-47"
Backend Developer,Backend Developer,Senior,"mock:mock-backend-developer-remote,-india-48"
Backend Developer,Backend Developer,Intern,"mock:mock-backend-developer-remote,-india-49"
Frontend Developer,Frontend Developer,Entry,"mock:mock-frontend-developer-jaipur,-india-0"
Frontend Developer,Frontend Developer,Mid,"mock:mock-frontend-developer-jaipur,-india-1"
Frontend Developer,Frontend Developer,Senior,"mock:mock-frontend-developer-jaipur,-india-2"
Frontend Developer,Frontend Developer,Senior,"mock:mock-frontend-developer-jaipur,-india-3"
Frontend Developer,Frontend Developer,Mid,"mock:mock-frontend-developer-jaipur,-india-4"
Frontend Developer,Frontend Developer,Senior,"mock:mock-frontend-developer-jaipur,-india-5"
Frontend Developer,Frontend Developer,Mid,"mock:mock-frontend-developer-jaipur,-india-6"
Frontend Developer,Frontend Developer,Entry,"mock:mock-frontend-developer-jaipur,-india-7"
Frontend Developer,Frontend Developer,Intern,"mock:mock-frontend-developer-jaipur,-india-8"
Frontend Developer,Frontend Developer,Intern,"mock:mock-frontend-developer-jaipur,-india-9"
Frontend Developer,Frontend Developer,Entry,"mock:mock-frontend-developer-jaipur,-india-10"
Frontend Developer,Frontend Developer,Entry,"mock:mock-frontend-developer-jaipur,-india-11"
Frontend Developer,Frontend Developer,Entry,"mock:mock-frontend-developer-jaipur,-india-12"
Frontend Developer,Frontend Developer,Entry,"mock:mock-frontend-developer-jaipur,-india-13"
Frontend Developer,Frontend Developer,Entry,"mock:mock-frontend-developer-jaipur,-india-14"
Frontend Developer,Frontend Developer,Senior,"mock:mock-frontend-developer-jaipur,-india-15"
Frontend Developer,Frontend Developer,Entry,"mock:mock-frontend-developer-jaipur,-india-16"
Frontend Developer,Frontend Developer,Intern,"mock:mock-frontend-developer-jaipur,-india-17"
Frontend Developer,Frontend Developer,Entry,"mock:mock-frontend-developer-jaipur,-india-18"
Frontend Developer,Frontend Developer,Entry,"mock:mock-frontend-developer-jaipur,-india-19"
Frontend Developer,Frontend Developer,Intern,"mock:mock-frontend-developer-jaipur,-india-20"
Frontend Developer,Frontend Developer,Entry,"mock:mock-frontend-developer-jaipur,-india-21"
Frontend Developer,Frontend Developer,Mid,"mock:mock-frontend-developer-jaipur,-india-22"
Frontend Developer,Frontend Developer,Senior,"mock:mock-frontend-developer-jaipur,-india-23"
Frontend Developer,Frontend Developer,Senior,"mock:mock-frontend-developer-jaipur,-india-24"
Frontend Developer,Frontend Developer,Senior,"mock:mock-frontend-developer-jaipur,-india-25"
Frontend Developer,Frontend Developer,Mid,"mock:mock-frontend-developer-jaipur,-india-26"
Frontend Developer,Frontend Developer,Senior,"mock:mock-frontend-developer-jaipur,-india-27"
Frontend Developer,Frontend Developer,Entry,"mock:mock-frontend-developer-jaipur,-india-28"
Frontend Developer,Frontend Developer,Entry,"mock:mock-frontend-developer-jaipur,-india-29"
Frontend Developer,Frontend Developer,Entry,"mock:mock-frontend-developer-jaipur,-india-30"
Frontend Developer,Frontend Developer,Mid,"mock:mock-frontend-developer-jaipur,-india-31"
Frontend Developer,Frontend Developer,Mid,"mock:mock-frontend-developer-jaipur,-india-32"
Frontend Developer,Frontend Developer,Senior,"mock:mock-frontend-developer-jaipur,-india-33"
Frontend Developer,Frontend Developer,Mid,"mock:mock-frontend-developer-jaipur,-india-34"
Frontend Developer,Frontend Developer,Entry,"mock:mock-frontend-developer-jaipur,-india-35"
Frontend Developer,Frontend Developer,Mid,"mock:mock-frontend-developer-jaipur,-india-36"
Frontend Developer,Frontend Developer,Mid,"mock:mock-frontend-developer-jaipur,-india-37"
Frontend Developer,Frontend Developer,Mid,"mock:mock-frontend-developer-jaipur,-india-38"
Frontend Developer,Frontend Developer,Senior,"mock:mock-frontend-developer-jaipur,-india-39"
Frontend Developer,Frontend Developer,Entry,"mock:mock-frontend-developer-jaipur,-india-40"
Frontend Developer,Frontend Developer,Intern,"mock:mock-frontend-developer-jaipur,-india-41"
Frontend Developer,Frontend Developer,Senior,"mock:mock-frontend-developer-jaipur,-india-42"
Frontend Developer,Frontend Developer,Intern,"mock:mock-frontend-developer-jaipur,-india-43"
Frontend Developer,Frontend Developer,Intern,"mock:mock-frontend-developer-jaipur,-india-44"
Frontend Developer,Frontend Developer,Entry,"mock:mock-frontend-developer-jaipur,-india-45"
Frontend Developer,Frontend Developer,Mid,"mock:mock-frontend-developer-jaipur,-india-46"
Frontend Developer,Frontend Developer,Entry,"mock:mock-frontend-developer-jaipur,-india-47"
Frontend Developer,Frontend Developer,Entry,"mock:mock-frontend-developer-jaipur,-india-48"
Frontend Developer,Frontend Developer,Senior,"mock:mock-frontend-developer-jaipur,-india-49"
Frontend Developer,Frontend Developer,Mid,"mock:mock-frontend-developer-bengaluru,-india-0"
Frontend Developer,Frontend Developer,Senior,"mock:mock-frontend-developer-bengaluru,-india-1"
Frontend Developer,Frontend Developer,Mid,"mock:mock-frontend-developer-bengaluru,-india-2"
Frontend Developer,Frontend Developer,Mid,"mock:mock-frontend-developer-bengaluru,-india-3"
Frontend Developer,Frontend Developer,Senior,"mock:mock-frontend-developer-bengaluru,-india-4"
Frontend Developer,Frontend Developer,Senior,"mock:mock-frontend-developer-bengaluru,-india-5"
Frontend Developer,Frontend Developer,Mid,"mock:mock-frontend-developer-bengaluru,-india-6"
Frontend Developer,Frontend Developer,Senior,"mock:mock-frontend-developer-bengaluru,-india-7"
Frontend Developer,Frontend Developer,Intern,"mock:mock-frontend-developer-bengaluru,-india-8"
Frontend Developer,Frontend Developer,Mid,"mock:mock-frontend-developer-bengaluru,-india-9"
Frontend Developer,Frontend Developer,Intern,"mock:mock-frontend-developer-bengaluru,-india-10"
Frontend Developer,Frontend Developer,Entry,"mock:mock-frontend-developer-bengaluru,-india-11"
Frontend Developer,Frontend Developer,Entry,"mock:mock-frontend-developer-bengaluru,-india-12"
Frontend Developer,Frontend Developer,Intern,"mock:mock-frontend-developer-bengaluru,-india-13"
Frontend Developer,Frontend Developer,Entry,"mock:mock-frontend-developer-bengaluru,-india-14"
Frontend Developer,Frontend Developer,Mid,"mock:mock-frontend-developer-bengaluru,-india-15"
Frontend Developer,Frontend Developer,Entry,"mock:mock-frontend-developer-bengaluru,-india-16"
Frontend Developer,Frontend Developer,Entry,"mock:mock-frontend-developer-bengaluru,-india-17"
Frontend Developer,Frontend Developer,Mid,"mock:mock-frontend-developer-bengaluru,-india-18"
Frontend Developer,Frontend Developer,Mid,"mock:mock-frontend-developer-bengaluru,-india-19"
Frontend Developer,Frontend Developer,Intern,"mock:mock-frontend-developer-bengaluru,-india-20"
Frontend Developer,Frontend Developer,Intern,"mock:mock-frontend-developer-bengaluru,-india-21"
Frontend Developer,Frontend Developer,Senior,"mock:mock-frontend-developer-bengaluru,-india-22"
Frontend Developer,Frontend Developer,Entry,"mock:mock-frontend-developer-bengaluru,-india-23"
Frontend Developer,Frontend Developer,Senior,"mock:mock-frontend-developer-bengaluru,-india-24"
Frontend Developer,Frontend Developer,Entry,"mock:mock-frontend-developer-bengaluru,-india-25"
Frontend Developer,Frontend Developer,Mid,"mock:mock-frontend-developer-bengaluru,-india-26"
Frontend Developer,Frontend Developer,Senior,"mock:mock-frontend-developer-bengaluru,-india-27"
Frontend Developer,Frontend Developer,Entry,"mock:mock-frontend-developer-bengaluru,-india-28"
Frontend Developer,Frontend Developer,Entry,"mock:mock-frontend-developer-bengaluru,-india-29"
Frontend Developer,Frontend Developer,Senior,"mock:mock-frontend-developer-bengaluru,-india-30"
Frontend Developer,Frontend Developer,Mid,"mock:mock-frontend-developer-bengaluru,-india-31"
Frontend Developer,Frontend Developer,Entry,"mock:mock-frontend-developer-bengaluru,-india-32"
Frontend Developer,Frontend Developer,Mid,"mock:mock-frontend-developer-bengaluru,-india-33"
Frontend Developer,Frontend Developer,Mid,"mock:mock-frontend-developer-bengaluru,-india-34"
Frontend Developer,Frontend Developer,Entry,"mock:mock-frontend-developer-bengaluru,-india-35"
Frontend Developer,Frontend Developer,Senior,"mock:mock-frontend-developer-bengaluru,-india-36"
Frontend Developer,Frontend Developer,Senior,"mock:mock-frontend-developer-bengaluru,-india-37"
Frontend Developer,Frontend Developer,Intern,"mock:mock-frontend-developer-bengaluru,-india-38"
Frontend Developer,Frontend Developer,Senior,"mock:mock-frontend-developer-bengaluru,-india-39"
Frontend Developer,Frontend Developer,Intern,"mock:mock-frontend-developer-bengaluru,-india-40"
Frontend Developer,Frontend Developer,Entry,"mock:mock-frontend-developer-bengaluru,-india-41"
Frontend Developer,Frontend Developer,Entry,"mock:mock-frontend-developer-bengaluru,-india-42"
Frontend Developer,Frontend Developer,Senior,"mock:mock-frontend-developer-bengaluru,-india-43"
Frontend Developer,Frontend Developer,Entry,"mock:mock-frontend-developer-bengaluru,-india-44"
Frontend Developer,Frontend Developer,Mid,"mock:mock-frontend-developer-bengaluru,-india-45"
Frontend Developer,Frontend Developer,Entry,"mock:mock-frontend-developer-bengaluru,-india-46"
Frontend Developer,Frontend Developer,Intern,"mock:mock-frontend-developer-bengaluru,-india-47"
Frontend Developer,Frontend Developer,Entry,"mock:mock-frontend-developer-bengaluru,-india-48"
Frontend Developer,Frontend Developer,Mid,"mock:mock-frontend-developer-bengaluru,-india-49"
Frontend Developer,Frontend Developer,Entry,"mock:mock-frontend-developer-pune,-india-0"
Frontend Developer,Frontend Developer,Entry,"mock:mock-frontend-developer-pune,-india-1"
Frontend Developer,Frontend Developer,Entry,"mock:mock-frontend-developer-pune,-india-2"
Frontend Developer,Frontend Developer,Intern,"mock:mock-frontend-developer-pune,-india-3"
Frontend Developer,Frontend Developer,Senior,"mock:mock-frontend-developer-pune,-india-4"
Frontend Developer,Frontend Developer,Intern,"mock:mock-frontend-developer-pune,-india-5"
Frontend Developer,Frontend Developer,Intern,"mock:mock-frontend-developer-pune,-india-6"
Frontend Developer,Frontend Developer,Mid,"mock:mock-frontend-developer-pune,-india-7"
Frontend Developer,Frontend Developer,Entry,"mock:mock-frontend-developer-pune,-india-8"
Frontend Developer,Frontend Developer,Mid,"mock:mock-frontend-developer-pune,-india-9"
Frontend Developer,Frontend Developer,Intern,"mock:mock-frontend-developer-pune,-india-10"
Frontend Developer,Frontend Developer,Mid,"mock:mock-frontend-developer-pune,-india-11"
Frontend Developer,Frontend Developer,Intern,"mock:mock-frontend-developer-pune,-india-12"
Frontend Developer,Frontend Developer,Intern,"mock:mock-frontend-developer-pune,-india-13"
Frontend Developer,Frontend Developer,Intern,"mock:mock-frontend-developer-pune,-india-14"
Frontend Developer,Frontend Developer,Entry,"mock:mock-frontend-developer-pune,-india-15"
Frontend Developer,Frontend Developer,Mid,"mock:mock-frontend-developer-pune,-india-16"
Frontend Developer,Frontend Developer,Mid,"mock:mock-frontend-developer-pune,-india-17"
Frontend Developer,Frontend Developer,Senior,"mock:mock-frontend-developer-pune,-india-18"
Frontend Developer,Frontend Developer,Entry,"mock:mock-frontend-developer-pune,-india-19"
Frontend Developer,Frontend Developer,Entry,"mock:mock-frontend-developer-pune,-india-20"
Frontend Developer,Frontend Developer,Mid,"mock:mock-frontend-developer-pune,-india-21"
Frontend Developer,Frontend Developer,Senior,"mock:mock-frontend-developer-pune,-india-22"
Frontend Developer,Frontend Developer,Entry,"mock:mock-frontend-developer-pune,-india-23"
Frontend Developer,Frontend Developer,Mid,"mock:mock-frontend-developer-pune,-india-24"
Frontend Developer,Frontend Developer,Entry,"mock:mock-frontend-developer-pune,-india-25"
Frontend Developer,Frontend Developer,Intern,"mock:mock-frontend-developer-pune,-india-26"
Frontend Developer,Frontend Developer,Mid,"mock:mock-frontend-developer-pune,-india-27"
Frontend Developer,Frontend Developer,Mid,"mock:mock-frontend-developer-pune,-india-28"
Frontend Developer,Frontend Developer,Entry,"mock:mock-frontend-developer-pune,-india-29"
Frontend Developer,Frontend Developer,Entry,"mock:mock-frontend-developer-pune,-india-30"
Frontend Developer,Frontend Developer,Senior,"mock:mock-frontend-developer-pune,-india-31"
Frontend Developer,Frontend Developer,Mid,"mock:mock-frontend-developer-pune,-india-32"
Frontend Developer,Frontend Developer,Mid,"mock:mock-frontend-developer-pune,-india-33"
Frontend Developer,Frontend Developer,Mid,"mock:mock-frontend-developer-pune,-india-34"
Frontend Developer,Frontend Developer,Entry,"mock:mock-frontend-developer-pune,-india-35"
Frontend Developer,Frontend Developer,Entry,"mock:mock-frontend-developer-pune,-india-36"
Frontend Developer,Frontend Developer,Mid,"mock:mock-frontend-developer-pune,-india-37"
Frontend Developer,Frontend Developer,Entry,"mock:mock-frontend-developer-pune,-india-38"
Frontend Developer,Frontend Developer,Senior,"mock:mock-frontend-developer-pune,-india-39"
Frontend Developer,Frontend Developer,Mid,"mock:mock-frontend-developer-pune,-india-40"
Frontend Developer,Frontend Developer,Mid,"mock:mock-frontend-developer-pune,-india-41"
Frontend Developer,Frontend Developer,Intern,"mock:mock-frontend-developer-pune,-india-42"
Frontend Developer,Frontend Developer,Intern,"mock:mock-frontend-developer-pune,-india-43"
Frontend Developer,Frontend Developer,Intern,"mock:mock-frontend-developer-pune,-india-44"
Frontend Developer,Frontend Developer,Intern,"mock:mock-frontend-developer-pune,-india-45"
Frontend Developer,Frontend Developer,Mid,"mock:mock-frontend-developer-pune,-india-46"
Frontend Developer,Frontend Developer,Entry,"mock:mock-frontend-developer-pune,-india-47"
Frontend Developer,Frontend Developer,Mid,"mock:mock-frontend-developer-pune,-india-48"
Frontend Developer,Frontend Developer,Senior,"mock:mock-frontend-developer-pune,-india-49"
Frontend Developer,Frontend Developer,Mid,"mock:mock-frontend-developer-remote,-india-0"
Frontend Developer,Frontend Developer,Senior,"mock:mock-frontend-developer-remote,-india-1"
Frontend Developer,Frontend Developer,Entry,"mock:mock-frontend-developer-remote,-india-2"
Frontend Developer,Frontend Developer,Entry,"mock:mock-frontend-developer-remote,-india-3"
Frontend Developer,Frontend Developer,Entry,"mock:mock-frontend-developer-remote,-india-4"
Frontend Developer,Frontend Developer,Mid,"mock:mock-frontend-developer-remote,-india-5"
Frontend Developer,Frontend Developer,Entry,"mock:mock-frontend-developer-remote,-india-6"
Frontend Developer,Frontend Developer,Entry,"mock:mock-frontend-developer-remote,-india-7"
Frontend Developer,Frontend Developer,Senior,"mock:mock-frontend-developer-remote,-india-8"
Frontend Developer,Frontend Developer,Entry,"mock:mock-frontend-developer-remote,-india-9"
Frontend Developer,Frontend Developer,Mid,"mock:mock-frontend-developer-remote,-india-10"
Frontend Developer,Frontend Developer,Mid,"mock:mock-frontend-developer-remote,-india-11"
Frontend Developer,Frontend Developer,Mid,"mock:mock-frontend-developer-remote,-india-12"
Frontend Developer,Frontend Developer,Entry,"mock:mock-frontend-developer-remote,-india-13"
Frontend Developer,Frontend Developer,Entry,"mock:mock-frontend-developer-remote,-india-14"
Frontend Developer,Frontend Developer,Mid,"mock:mock-frontend-developer-remote,-india-15"
Frontend Developer,Frontend Developer,Mid,"mock:mock-frontend-developer-remote,-india-16"
Frontend Developer,Frontend Developer,Entry,"mock:mock-frontend-developer-remote,-india-17"
Frontend Developer,Frontend Developer,Mid,"mock:mock-frontend-developer-remote,-india-18"
Frontend Developer,Frontend Developer,Mid,"mock:mock-frontend-developer-remote,-india-19"
Frontend Developer,Frontend Developer,Mid,"mock:mock-frontend-developer-remote,-india-20"
Frontend Developer,Frontend Developer,Senior,"mock:mock-frontend-developer-remote,-india-21"
Frontend Developer,Frontend Developer,Senior,"mock:mock-frontend-developer-remote,-india-22"
Frontend Developer,Frontend Developer,Entry,"mock:mock-frontend-developer-remote,-india-23"
Frontend Developer,Frontend Developer,Entry,"mock:mock-frontend-developer-remote,-india-24"
Frontend Developer,Frontend Developer,Intern,"mock:mock-frontend-developer-remote,-india-25"
Frontend Developer,Frontend Developer,Mid,"mock:mock-frontend-developer-remote,-india-26"
Frontend Developer,Frontend Developer,Entry,"mock:mock-frontend-developer-remote,-india-27"
Frontend Developer,Frontend Developer,Entry,"mock:mock-frontend-developer-remote,-india-28"
Frontend Developer,Frontend Developer,Intern,"mock:mock-frontend-developer-remote,-india-29"
Frontend Developer,Frontend Developer,Entry,"mock:mock-frontend-developer-remote,-india-30"
Frontend Developer,Frontend Developer,Senior,"mock:mock-frontend-developer-remote,-india-31"
Frontend Developer,Frontend Developer,Mid,"mock:mock-frontend-developer-remote,-india-32"
Frontend Developer,Frontend Developer,Intern,"mock:mock-frontend-developer-remote,-india-33"
Frontend Developer,Frontend Developer,Mid,"mock:mock-frontend-developer-remote,-india-34"
Frontend Developer,Frontend Developer,Senior,"mock:mock-frontend-developer-remote,-india-35"
Frontend Developer,Frontend Developer,Intern,"mock:mock-frontend-developer-remote,-india-36"
Frontend Developer,Frontend Developer,Mid,"mock:mock-frontend-developer-remote,-india-37"
Frontend Developer,Frontend Developer,Senior,"mock:mock-frontend-developer-remote,-india-38"
Frontend Developer,Frontend Developer,Mid,"mock:mock-frontend-developer-remote,-india-39"
Frontend Developer,Frontend Developer,Entry,"mock:mock-frontend-developer-remote,-india-40"
Frontend Developer,Frontend Developer,Entry,"mock:mock-frontend-developer-remote,-india-41"
Frontend Developer,Frontend Developer,Mid,"mock:mock-frontend-developer-remote,-india-42"
Frontend Developer,Frontend Developer,Mid,"mock:mock-frontend-developer-remote,-india-43"
Frontend Developer,Frontend Developer,Entry,"mock:mock-frontend-developer-remote,-india-44"
Frontend Developer,Frontend Developer,Mid,"mock:mock-frontend-developer-remote,-india-45"
Frontend Developer,Frontend Developer,Mid,"mock:mock-frontend-developer-remote,-india-46"
Frontend Developer,Frontend Developer,Entry,"mock:mock-frontend-developer-remote,-india-47"
Frontend Developer,Frontend Developer,Entry,"mock:mock-frontend-developer-remote,-india-48"
Frontend Developer,Frontend Developer,Intern,"mock:mock-frontend-developer-remote,-india-49"
Data Analyst,Data Analyst,Entry,"mock:mock-data-analyst-jaipur,-india-0"
Data Analyst,Data Analyst,Mid,"mock:mock-data-analyst-jaipur,-india-1"
Data Analyst,Data Analyst,Entry,"mock:mock-data-analyst-jaipur,-india-2"
Data Analyst,Data Analyst,Mid,"mock:mock-data-analyst-jaipur,-india-3"
Data Analyst,Data Analyst,Entry,"mock:mock-data-analyst-jaipur,-india-4"
Data Analyst,Data Analyst,Mid,"mock:mock-data-analyst-jaipur,-india-5"
Data Analyst,Data Analyst,Entry,"mock:mock-data-analyst-jaipur,-india-6"
Data Analyst,Data Analyst,Intern,"mock:mock-data-analyst-jaipur,-india-7"
Data Analyst,Data Analyst,Intern,"mock:mock-data-analyst-jaipur,-india-8"
Data Analyst,Data Analyst,Senior,"mock:mock-data-analyst-jaipur,-india-9"
Data Analyst,Data Analyst,Intern,"mock:mock-data-analyst-jaipur,-india-10"
Data Analyst,Data Analyst,Entry,"mock:mock-data-analyst-jaipur,-india-11"
Data Analyst,Data Analyst,Mid,"mock:mock-data-analyst-jaipur,-india-12"
Data Analyst,Data Analyst,Entry,"mock:mock-data-analyst-jaipur,-india-13"
Data Analyst,Data Analyst,Senior,"mock:mock-data-analyst-jaipur,-india-14"
Data Analyst,Data Analyst,Intern,"mock:mock-data-analyst-jaipur,-india-15"
Data Analyst,Data Analyst,Entry,"mock:mock-data-analyst-jaipur,-india-16"
Data Analyst,Data Analyst,Senior,"mock:mock-data-analyst-jaipur,-india-17"
Data Analyst,Data Analyst,Mid,"mock:mock-data-analyst-jaipur,-india-18"
Data Analyst,Data Analyst,Intern,"mock:mock-data-analyst-jaipur,-india-19"
Data Analyst,Data Analyst,Entry,"mock:mock-data-analyst-jaipur,-india-20"
Data Analyst,Data Analyst,Intern,"mock:mock-data-analyst-jaipur,-india-21"
Data Analyst,Data Analyst,Mid,"mock:mock-data-analyst-jaipur,-india-22"
Data Analyst,Data Analyst,Mid,"mock:mock-data-analyst-jaipur,-india-23"
Data Analyst,Data Analyst,Intern,"mock:mock-data-analyst-jaipur,-india-24"
Data Analyst,Data Analyst,Intern,"mock:mock-data-analyst-jaipur,-india-25"
Data Analyst,Data Analyst,Senior,"mock:mock-data-analyst-jaipur,-india-26"
Data Analyst,Data Analyst,Mid,"mock:mock-data-analyst-jaipur,-india-27"
Data Analyst,Data Analyst,Entry,"mock:mock-data-analyst-jaipur,-india-28"
Data Analyst,Data Analyst,Entry,"mock:mock-data-analyst-jaipur,-india-29"
Data Analyst,Data Analyst,Intern,"mock:mock-data-analyst-jaipur,-india-30"
Data Analyst,Data Analyst,Mid,"mock:mock-data-analyst-jaipur,-india-31"
Data Analyst,Data Analyst,Intern,"mock:mock-data-analyst-jaipur,-india-32"
Data Analyst,Data Analyst,Mid,"mock:mock-data-analyst-jaipur,-india-33"
Data Analyst,Data Analyst,Senior,"mock:mock-data-analyst-jaipur,-india-34"
Data Analyst,Data Analyst,Mid,"mock:mock-data-analyst-jaipur,-india-35"
Data Analyst,Data Analyst,Intern,"mock:mock-data-analyst-jaipur,-india-36"
Data Analyst,Data Analyst,Intern,"mock:mock-data-analyst-jaipur,-india-37"
Data Analyst,Data Analyst,Entry,"mock:mock-data-analyst-jaipur,-india-38"
Data Analyst,Data Analyst,Entry,"mock:mock-data-analyst-jaipur,-india-39"
Data Analyst,Data Analyst,Intern,"mock:mock-data-analyst-jaipur,-india-40"
Data Analyst,Data Analyst,Senior,"mock:mock-data-analyst-jaipur,-india-41"
Data Analyst,Data Analyst,Mid,"mock:mock-data-analyst-jaipur,-india-42"
Data Analyst,Data Analyst,Senior,"mock:mock-data-analyst-jaipur,-india-43"
Data Analyst,Data Analyst,Intern,"mock:mock-data-analyst-jaipur,-india-44"
Data Analyst,Data Analyst,Mid,"mock:mock-data-analyst-jaipur,-india-45"
Data Analyst,Data Analyst,Mid,"mock:mock-data-analyst-jaipur,-india-46"
Data Analyst,Data Analyst,Entry,"mock:mock-data-analyst-jaipur,-india-47"
Data Analyst,Data Analyst,Mid,"mock:mock-data-analyst-jaipur,-india-48"
Data Analyst,Data Analyst,Mid,"mock:mock-data-analyst-jaipur,-india-49"
Data Analyst,Data Analyst,Entry,"mock:mock-data-analyst-bengaluru,-india-0"
Data Analyst,Data Analyst,Entry,"mock:mock-data-analyst-bengaluru,-india-1"
Data Analyst,Data Analyst,Mid,"mock:mock-data-analyst-bengaluru,-india-2"
Data Analyst,Data Analyst,Mid,"mock:mock-data-analyst-bengaluru,-india-3"
Data Analyst,Data Analyst,Mid,"mock:mock-data-analyst-bengaluru,-india-4"
Data Analyst,Data Analyst,Senior,"mock:mock-data-analyst-bengaluru,-india-5"
Data Analyst,Data Analyst,Intern,"mock:mock-data-analyst-bengaluru,-india-6"
Data Analyst,Data Analyst,Intern,"mock:mock-data-analyst-bengaluru,-india-7"
Data Analyst,Data Analyst,Mid,"mock:mock-data-analyst-bengaluru,-india-8"
Data Analyst,Data Analyst,Senior,"mock:mock-data-analyst-bengaluru,-india-9"
Data Analyst,Data Analyst,Intern,"mock:mock-data-analyst-bengaluru,-india-10"
Data Analyst,Data Analyst,Intern,"mock:mock-data-analyst-bengaluru,-india-11"
Data Analyst,Data Analyst,Intern,"mock:mock-data-analyst-bengaluru,-india-12"
Data Analyst,Data Analyst,Intern,"mock:mock-data-analyst-bengaluru,-india-13"
Data Analyst,Data Analyst,Intern,"mock:mock-data-analyst-bengaluru,-india-14"
Data Analyst,Data Analyst,Entry,"mock:mock-data-analyst-bengaluru,-india-15"
Data Analyst,Data Analyst,Senior,"mock:mock-data-analyst-bengaluru,-india-16"
Data Analyst,Data Analyst,Entry,"mock:mock-data-analyst-bengaluru,-india-17"
Data Analyst,Data Analyst,Entry,"mock:mock-data-analyst-bengaluru,-india-18"
Data Analyst,Data Analyst,Entry,"mock:mock-data-analyst-bengaluru,-india-19"
Data Analyst,Data Analyst,Senior,"mock:mock-data-analyst-bengaluru,-india-20"
Data Analyst,Data Analyst,Senior,"mock:mock-data-analyst-bengaluru,-india-21"
Data Analyst,Data Analyst,Senior,"mock:mock-data-analyst-bengaluru,-india-22"
Data Analyst,Data Analyst,Entry,"mock:mock-data-analyst-bengaluru,-india-23"
Data Analyst,Data Analyst,Mid,"mock:mock-data-analyst-bengaluru,-india-24"
Data Analyst,Data Analyst,Intern,"mock:mock-data-analyst-bengaluru,-india-25"
Data Analyst,Data Analyst,Intern,"mock:mock-data-analyst-bengaluru,-india-26"
Data Analyst,Data Analyst,Mid,"mock:mock-data-analyst-bengaluru,-india-27"
Data Analyst,Data Analyst,Entry,"mock:mock-data-analyst-bengaluru,-india-28"
Data Analyst,Data Analyst,Mid,"mock:mock-data-analyst-bengaluru,-india-29"
Data Analyst,Data Analyst,Intern,"mock:mock-data-analyst-bengaluru,-india-30"
Data Analyst,Data Analyst,Mid,"mock:mock-data-analyst-bengaluru,-india-31"
Data Analyst,Data Analyst,Mid,"mock:mock-data-analyst-bengaluru,-india-32"
Data Analyst,Data Analyst,Senior,"mock:mock-data-analyst-bengaluru,-india-33"
Data Analyst,Data Analyst,Entry,"mock:mock-data-analyst-bengaluru,-india-34"
Data Analyst,Data Analyst,Mid,"mock:mock-data-analyst-bengaluru,-india-35"
Data Analyst,Data Analyst,Mid,"mock:mock-data-analyst-bengaluru,-india-36"
Data Analyst,Data Analyst,Intern,"mock:mock-data-analyst-bengaluru,-india-37"
Data Analyst,Data Analyst,Intern,"mock:mock-data-analyst-bengaluru,-india-38"
Data Analyst,Data Analyst,Intern,"mock:mock-data-analyst-bengaluru,-india-39"
Data Analyst,Data Analyst,Senior,"mock:mock-data-analyst-bengaluru,-india-40"
Data Analyst,Data Analyst,Entry,"mock:mock-data-analyst-bengaluru,-india-41"
Data Analyst,Data Analyst,Entry,"mock:mock-data-analyst-bengaluru,-india-42"
Data Analyst,Data Analyst,Entry,"mock:mock-data-analyst-bengaluru,-india-43"
Data Analyst,Data Analyst,Mid,"mock:mock-data-analyst-bengaluru,-india-44"
Data Analyst,Data Analyst,Mid,"mock:mock-data-analyst-bengaluru,-india-45"
Data Analyst,Data Analyst,Entry,"mock:mock-data-analyst-bengaluru,-india-46"
Data Analyst,Data Analyst,Entry,"mock:mock-data-analyst-bengaluru,-india-47"
Data Analyst,Data Analyst,Entry,"mock:mock-data-analyst-bengaluru,-india-48"
Data Analyst,Data Analyst,Mid,"mock:mock-data-analyst-bengaluru,-india-49"
Data Analyst,Data Analyst,Mid,"mock:mock-data-analyst-pune,-india-0"
Data Analyst,Data Analyst,Intern,"mock:mock-data-analyst-pune,-india-1"
Data Analyst,Data Analyst,Entry,"mock:mock-data-analyst-pune,-india-2"
Data Analyst,Data Analyst,Intern,"mock:mock-data-analyst-pune,-india-3"
Data Analyst,Data Analyst,Intern,"mock:mock-data-analyst-pune,-india-4"
Data Analyst,Data Analyst,Mid,"mock:mock-data-analyst-pune,-india-5"
Data Analyst,Data Analyst,Entry,"mock:mock-data-analyst-pune,-india-6"
Data Analyst,Data Analyst,Intern,"mock:mock-data-analyst-pune,-india-7"
Data Analyst,Data Analyst,Mid,"mock:mock-data-analyst-pune,-india-8"
Data Analyst,Data Analyst,Mid,"mock:mock-data-analyst-pune,-india-9"
Data Analyst,Data Analyst,Intern,"mock:mock-data-analyst-pune,-india-10"
Data Analyst,Data Analyst,Entry,"mock:mock-data-analyst-pune,-india-11"
Data Analyst,Data Analyst,Mid,"mock:mock-data-analyst-pune,-india-12"
Data Analyst,Data Analyst,Mid,"mock:mock-data-analyst-pune,-india-13"
Data Analyst,Data Analyst,Entry,"mock:mock-data-analyst-pune,-india-14"
Data Analyst,Data Analyst,Intern,"mock:mock-data-analyst-pune,-india-15"
Data Analyst,Data Analyst,Senior,"mock:mock-data-analyst-pune,-india-16"
Data Analyst,Data Analyst,Senior,"mock:mock-data-analyst-pune,-india-17"
Data Analyst,Data Analyst,Mid,"mock:mock-data-analyst-pune,-india-18"
Data Analyst,Data Analyst,Mid,"mock:mock-data-analyst-pune,-india-19"
Data Analyst,Data Analyst,Mid,"mock:mock-data-analyst-pune,-india-20"
Data Analyst,Data Analyst,Senior,"mock:mock-data-analyst-pune,-india-21"
Data Analyst,Data Analyst,Entry,"mock:mock-data-analyst-pune,-india-22"
Data Analyst,Data Analyst,Entry,"mock:mock-data-analyst-pune,-india-23"
Data Analyst,Data Analyst,Mid,"mock:mock-data-analyst-pune,-india-24"
Data Analyst,Data Analyst,Entry,"mock:mock-data-analyst-pune,-india-25"
Data Analyst,Data Analyst,Senior,"mock:mock-data-analyst-pune,-india-26"
Data Analyst,Data Analyst,Entry,"mock:mock-data-analyst-pune,-india-27"
Data Analyst,Data Analyst,Senior,"mock:mock-data-analyst-pune,-india-28"
Data Analyst,Data Analyst,Senior,"mock:mock-data-analyst-pune,-india-29"
Data Analyst,Data Analyst,Mid,"mock:mock-data-analyst-pune,-india-30"
Data Analyst,Data Analyst,Entry,"mock:mock-data-analyst-pune,-india-31"
Data Analyst,Data Analyst,Entry,"mock:mock-data-analyst-pune,-india-32"
Data Analyst,Data Analyst,Entry,"mock:mock-data-analyst-pune,-india-33"
Data Analyst,Data Analyst,Entry,"mock:mock-data-analyst-pune,-india-34"
Data Analyst,Data Analyst,Senior,"mock:mock-data-analyst-pune,-india-35"
Data Analyst,Data Analyst,Entry,"mock:mock-data-analyst-pune,-india-36"
Data Analyst,Data Analyst,Entry,"mock:mock-data-analyst-pune,-india-37"
Data Analyst,Data Analyst,Entry,"mock:mock-data-analyst-pune,-india-38"
Data Analyst,Data Analyst,Entry,"mock:mock-data-analyst-pune,-india-39"
Data Analyst,Data Analyst,Entry,"mock:mock-data-analyst-pune,-india-40"
Data Analyst,Data Analyst,Senior,"mock:mock-data-analyst-pune,-india-41"
Data Analyst,Data Analyst,Mid,"mock:mock-data-analyst-pune,-india-42"
Data Analyst,Data Analyst,Mid,"mock:mock-data-analyst-pune,-india-43"
Data Analyst,Data Analyst,Intern,"mock:mock-data-analyst-pune,-india-44"
Data Analyst,Data Analyst,Entry,"mock:mock-data-analyst-pune,-india-45"
Data Analyst,Data Analyst,Mid,"mock:mock-data-analyst-pune,-india-46"
Data Analyst,Data Analyst,Entry,"mock:mock-data-analyst-pune,-india-47"
Data Analyst,Data Analyst,Senior,"mock:mock-data-analyst-pune,-india-48"
Data Analyst,Data Analyst,Senior,"mock:mock-data-analyst-pune,-india-49"
Data Analyst,Data Analyst,Entry,"mock:mock-data-analyst-remote,-india-0"
Data Analyst,Data Analyst,Senior,"mock:mock-data-analyst-remote,-india-1"
Data Analyst,Data Analyst,Intern,"mock:mock-data-analyst-remote,-india-2"
Data Analyst,Data Analyst,Entry,"mock:mock-data-analyst-remote,-india-3"
Data Analyst,Data Analyst,Entry,"mock:mock-data-analyst-remote,-india-4"
Data Analyst,Data Analyst,Mid,"mock:mock-data-analyst-remote,-india-5"
Data Analyst,Data Analyst,Entry,"mock:mock-data-analyst-remote,-india-6"
Data Analyst,Data Analyst,Entry,"mock:mock-data-analyst-remote,-india-7"
Data Analyst,Data Analyst,Senior,"mock:mock-data-analyst-remote,-india-8"
Data Analyst,Data Analyst,Mid,"mock:mock-data-analyst-remote,-india-9"
Data Analyst,Data Analyst,Entry,"mock:mock-data-analyst-remote,-india-10"
Data Analyst,Data Analyst,Mid,"mock:mock-data-analyst-remote,-india-11"
Data Analyst,Data Analyst,Mid,"mock:mock-data-analyst-remote,-india-12"
Data Analyst,Data Analyst,Senior,"mock:mock-data-analyst-remote,-india-13"
Data Analyst,Data Analyst,Intern,"mock:mock-data-analyst-remote,-india-14"
Data Analyst,Data Analyst,Intern,"mock:mock-data-analyst-remote,-india-15"
Data Analyst,Data Analyst,Entry,"mock:mock-data-analyst-remote,-india-16"
Data Analyst,Data Analyst,Mid,"mock:mock-data-analyst-remote,-india-17"
Data Analyst,Data Analyst,Intern,"mock:mock-data-analyst-remote,-india-18"
Data Analyst,Data Analyst,Senior,"mock:mock-data-analyst-remote,-india-19"
Data Analyst,Data Analyst,Entry,"mock:mock-data-analyst-remote,-india-20"
Data Analyst,Data Analyst,Senior,"mock:mock-data-analyst-remote,-india-21"
Data Analyst,Data Analyst,Mid,"mock:mock-data-analyst-remote,-india-22"
Data Analyst,Data Analyst,Mid,"mock:mock-data-analyst-remote,-india-23"
Data Analyst,Data Analyst,Senior,"mock:mock-data-analyst-remote,-india-24"
Data Analyst,Data Analyst,Entry,"mock:mock-data-analyst-remote,-india-25"
Data Analyst,Data Analyst,Mid,"mock:mock-data-analyst-remote,-india-26"
Data Analyst,Data Analyst,Mid,"mock:mock-data-analyst-remote,-india-27"
Data Analyst,Data Analyst,Mid,"mock:mock-data-analyst-remote,-india-28"
Data Analyst,Data Analyst,Entry,"mock:mock-data-analyst-remote,-india-29"
Data Analyst,Data Analyst,Senior,"mock:mock-data-analyst-remote,-india-30"
Data Analyst,Data Analyst,Entry,"mock:mock-data-analyst-remote,-india-31"
Data Analyst,Data Analyst,Entry,"mock:mock-data-analyst-remote,-india-32"
Data Analyst,Data Analyst,Intern,"mock:mock-data-analyst-remote,-india-33"
Data Analyst,Data Analyst,Mid,"mock:mock-data-analyst-remote,-india-34"
Data Analyst,Data Analyst,Entry,"mock:mock-data-analyst-remote,-india-35"
Data Analyst,Data Analyst,Mid,"mock:mock-data-analyst-remote,-india-36"
Data Analyst,Data Analyst,Entry,"mock:mock-data-analyst-remote,-india-37"
Data Analyst,Data Analyst,Mid,"mock:mock-data-analyst-remote,-india-38"
Data Analyst,Data Analyst,Senior,"mock:mock-data-analyst-remote,-india-39"
Data Analyst,Data Analyst,Entry,"mock:mock-data-analyst-remote,-india-40"
Data Analyst,Data Analyst,Intern,"mock:mock-data-analyst-remote,-india-41"
Data Analyst,Data Analyst,Mid,"mock:mock-data-analyst-remote,-india-42"
Data Analyst,Data Analyst,Intern,"mock:mock-data-analyst-remote,-india-43"
Data Analyst,Data Analyst,Entry,"mock:mock-data-analyst-remote,-india-44"
Data Analyst,Data Analyst,Mid,"mock:mock-data-analyst-remote,-india-45"
Data Analyst,Data Analyst,Intern,"mock:mock-data-analyst-remote,-india-46"
Data Analyst,Data Analyst,Mid,"mock:mock-data-analyst-remote,-india-47"
Data Analyst,Data Analyst,Mid,"mock:mock-data-analyst-remote,-india-48"
Data Analyst,Data Analyst,Mid,"mock:mock-data-analyst-remote,-india-49"
DevOps Engineer,DevOps Engineer,Mid,"mock:mock-devops-engineer-jaipur,-india-0"
DevOps Engineer,DevOps Engineer,Entry,"mock:mock-devops-engineer-jaipur,-india-1"
DevOps Engineer,DevOps Engineer,Mid,"mock:mock-devops-engineer-jaipur,-india-2"
DevOps Engineer,DevOps Engineer,Intern,"mock:mock-devops-engineer-jaipur,-india-3"
DevOps Engineer,DevOps Engineer,Mid,"mock:mock-devops-engineer-jaipur,-india-4"
DevOps Engineer,DevOps Engineer,Senior,"mock:mock-devops-engineer-jaipur,-india-5"
DevOps Engineer,DevOps Engineer,Mid,"mock:mock-devops-engineer-jaipur,-india-6"
DevOps Engineer,DevOps Engineer,Senior,"mock:mock-devops-engineer-jaipur,-india-7"
DevOps Engineer,DevOps Engineer,Senior,"mock:mock-devops-engineer-jaipur,-india-8"
DevOps Engineer,DevOps Engineer,Entry,"mock:mock-devops-engineer-jaipur,-india-9"
DevOps Engineer,DevOps Engineer,Entry,"mock:mock-devops-engineer-jaipur,-india-10"
DevOps Engineer,DevOps Engineer,Entry,"mock:mock-devops-engineer-jaipur,-india-11"
DevOps Engineer,DevOps Engineer,Mid,"mock:mock-devops-engineer-jaipur,-india-12"
DevOps Engineer,DevOps Engineer,Intern,"mock:mock-devops-engineer-jaipur,-india-13"
DevOps Engineer,DevOps Engineer,Senior,"mock:mock-devops-engineer-jaipur,-india-14"
DevOps Engineer,DevOps Engineer,Mid,"mock:mock-devops-engineer-jaipur,-india-15"
DevOps Engineer,DevOps Engineer,Mid,"mock:mock-devops-engineer-jaipur,-india-16"
DevOps Engineer,DevOps Engineer,Mid,"mock:mock-devops-engineer-jaipur,-india-17"
DevOps Engineer,DevOps Engineer,Entry,"mock:mock-devops-engineer-jaipur,-india-18"
DevOps Engineer,DevOps Engineer,Entry,"mock:mock-devops-engineer-jaipur,-india-19"
DevOps Engineer,DevOps Engineer,Mid,"mock:mock-devops-engineer-jaipur,-india-20"
DevOps Engineer,DevOps Engineer,Mid,"mock:mock-devops-engineer-jaipur,-india-21"
DevOps Engineer,DevOps Engineer,Senior,"mock:mock-devops-engineer-jaipur,-india-22"
DevOps Engineer,DevOps Engineer,Intern,"mock:mock-devops-engineer-jaipur,-india-23"
DevOps Engineer,DevOps Engineer,Mid,"mock:mock-devops-engineer-jaipur,-india-24"
DevOps Engineer,DevOps Engineer,Entry,"mock:mock-devops-engineer-jaipur,-india-25"
DevOps Engineer,DevOps Engineer,Entry,"mock:mock-devops-engineer-jaipur,-india-26"
DevOps Engineer,DevOps Engineer,Senior,"mock:mock-devops-engineer-jaipur,-india-27"
DevOps Engineer,DevOps Engineer,Mid,"mock:mock-devops-engineer-jaipur,-india-28"
DevOps Engineer,DevOps Engineer,Entry,"mock:mock-devops-engineer-jaipur,-india-29"
DevOps Engineer,DevOps Engineer,Entry,"mock:mock-devops-engineer-jaipur,-india-30"
DevOps Engineer,DevOps Engineer,Senior,"mock:mock-devops-engineer-jaipur,-india-31"
DevOps Engineer,DevOps Engineer,Mid,"mock:mock-devops-engineer-jaipur,-india-32"
DevOps Engineer,DevOps Engineer,Mid,"mock:mock-devops-engineer-jaipur,-india-33"
DevOps Engineer,DevOps Engineer,Entry,"mock:mock-devops-engineer-jaipur,-india-34"
DevOps Engineer,DevOps Engineer,Mid,"mock:mock-devops-engineer-jaipur,-india-35"
DevOps Engineer,DevOps Engineer,Intern,"mock:mock-devops-engineer-jaipur,-india-36"
DevOps Engineer,DevOps Engineer,Intern,"mock:mock-devops-engineer-jaipur,-india-37"
DevOps Engineer,DevOps Engineer,Intern,"mock:mock-devops-engineer-jaipur,-india-38"
DevOps Engineer,DevOps Engineer,Entry,"mock:mock-devops-engineer-jaipur,-india-39"
DevOps Engineer,DevOps Engineer,Entry,"mock:mock-devops-engineer-jaipur,-india-40"
DevOps Engineer,DevOps Engineer,Intern,"mock:mock-devops-engineer-jaipur,-india-41"
DevOps Engineer,DevOps Engineer,Mid,"mock:mock-devops-engineer-jaipur,-india-42"
DevOps Engineer,DevOps Engineer,Mid,"mock:mock-devops-engineer-jaipur,-india-43"
DevOps Engineer,DevOps Engineer,Intern,"mock:mock-devops-engineer-jaipur,-india-44"
DevOps Engineer,DevOps Engineer,Mid,"mock:mock-devops-engineer-jaipur,-india-45"
DevOps Engineer,DevOps Engineer,Entry,"mock:mock-devops-engineer-jaipur,-india-46"
DevOps Engineer,DevOps Engineer,Entry,"mock:mock-devops-engineer-jaipur,-india-47"
DevOps Engineer,DevOps Engineer,Intern,"mock:mock-devops-engineer-jaipur,-india-48"
DevOps Engineer,DevOps Engineer,Entry,"mock:mock-devops-engineer-jaipur,-india-49"
DevOps Engineer,DevOps Engineer,Senior,"mock:mock-devops-engineer-bengaluru,-india-0"
DevOps Engineer,DevOps Engineer,Senior,"mock:mock-devops-engineer-bengaluru,-india-1"
DevOps Engineer,DevOps Engineer,Mid,"mock:mock-devops-engineer-bengaluru,-india-2"
DevOps Engineer,DevOps Engineer,Mid,"mock:mock-devops-engineer-bengaluru,-india-3"
DevOps Engineer,DevOps Engineer,Entry,"mock:mock-devops-engineer-bengaluru,-india-4"
DevOps Engineer,DevOps Engineer,Intern,"mock:mock-devops-engineer-bengaluru,-india-5"
DevOps Engineer,DevOps Engineer,Mid,"mock:mock-devops-engineer-bengaluru,-india-6"
DevOps Engineer,DevOps Engineer,Mid,"mock:mock-devops-engineer-bengaluru,-india-7"
DevOps Engineer,DevOps Engineer,Senior,"mock:mock-devops-engineer-bengaluru,-india-8"
DevOps Engineer,DevOps Engineer,Mid,"mock:mock-devops-engineer-bengaluru,-india-9"
DevOps Engineer,DevOps Engineer,Entry,"mock:mock-devops-engineer-bengaluru,-india-10"
DevOps Engineer,DevOps Engineer,Entry,"mock:mock-devops-engineer-bengaluru,-india-11"
DevOps Engineer,DevOps Engineer,Entry,"mock:mock-devops-engineer-bengaluru,-india-12"
DevOps Engineer,DevOps Engineer,Mid,"mock:mock-devops-engineer-bengaluru,-india-13"
DevOps Engineer,DevOps Engineer,Intern,"mock:mock-devops-engineer-bengaluru,-india-14"
DevOps Engineer,DevOps Engineer,Entry,"mock:mock-devops-engineer-bengaluru,-india-15"
DevOps Engineer,DevOps Engineer,Entry,"mock:mock-devops-engineer-bengaluru,-india-16"
DevOps Engineer,DevOps Engineer,Senior,"mock:mock-devops-engineer-bengaluru,-india-17"
DevOps Engineer,DevOps Engineer,Mid,"mock:mock-devops-engineer-bengaluru,-india-18"
DevOps Engineer,DevOps Engineer,Entry,"mock:mock-devops-engineer-bengaluru,-india-19"
DevOps Engineer,DevOps Engineer,Mid,"mock:mock-devops-engineer-bengaluru,-india-20"
DevOps Engineer,DevOps Engineer,Senior,"mock:mock-devops-engineer-bengaluru,-india-21"
DevOps Engineer,DevOps Engineer,Senior,"mock:mock-devops-engineer-bengaluru,-india-22"
DevOps Engineer,DevOps Engineer,Entry,"mock:mock-devops-engineer-bengaluru,-india-23"
DevOps Engineer,DevOps Engineer,Entry,"mock:mock-devops-engineer-bengaluru,-india-24"
DevOps Engineer,DevOps Engineer,Intern,"mock:mock-devops-engineer-bengaluru,-india-25"
DevOps Engineer,DevOps Engineer,Mid,"mock:mock-devops-engineer-bengaluru,-india-26"
DevOps Engineer,DevOps Engineer,Mid,"mock:mock-devops-engineer-bengaluru,-india-27"
DevOps Engineer,DevOps Engineer,Entry,"mock:mock-devops-engineer-bengaluru,-india-28"
DevOps Engineer,DevOps Engineer,Intern,"mock:mock-devops-engineer-bengaluru,-india-29"
DevOps Engineer,DevOps Engineer,Intern,"mock:mock-devops-engineer-bengaluru,-india-30"
DevOps Engineer,DevOps Engineer,Senior,"mock:mock-devops-engineer-bengaluru,-india-31"
DevOps Engineer,DevOps Engineer,Entry,"mock:mock-devops-engineer-bengaluru,-india-32"
DevOps Engineer,DevOps Engineer,Entry,"mock:mock-devops-engineer-bengaluru,-india-33"
DevOps Engineer,DevOps Engineer,Intern,"mock:mock-devops-engineer-bengaluru,-india-34"
DevOps Engineer,DevOps Engineer,Mid,"mock:mock-devops-engineer-bengaluru,-india-35"
DevOps Engineer,DevOps Engineer,Intern,"mock:mock-devops-engineer-bengaluru,-india-36"
DevOps Engineer,DevOps Engineer,Mid,"mock:mock-devops-engineer-bengaluru,-india-37"
DevOps Engineer,DevOps Engineer,Entry,"mock:mock-devops-engineer-bengaluru,-india-38"
DevOps Engineer,DevOps Engineer,Mid,"mock:mock-devops-engineer-bengaluru,-india-39"
DevOps Engineer,DevOps Engineer,Mid,"mock:mock-devops-engineer-bengaluru,-india-40"
DevOps Engineer,DevOps Engineer,Entry,"mock:mock-devops-engineer-bengaluru,-india-41"
DevOps Engineer,DevOps Engineer,Senior,"mock:mock-devops-engineer-bengaluru,-india-42"
DevOps Engineer,DevOps Engineer,Mid,"mock:mock-devops-engineer-bengaluru,-india-43"
DevOps Engineer,DevOps Engineer,Mid,"mock:mock-devops-engineer-bengaluru,-india-44"
DevOps Engineer,DevOps Engineer,Entry,"mock:mock-devops-engineer-bengaluru,-india-45"
DevOps Engineer,DevOps Engineer,Senior,"mock:mock-devops-engineer-bengaluru,-india-46"
DevOps Engineer,DevOps Engineer,Entry,"mock:mock-devops-engineer-bengaluru,-india-47"
DevOps Engineer,DevOps Engineer,Intern,"mock:mock-devops-engineer-bengaluru,-india-48"
DevOps Engineer,DevOps Engineer,Entry,"mock:mock-devops-engineer-bengaluru,-india-49"
DevOps Engineer,DevOps Engineer,Entry,"mock:mock-devops-engineer-pune,-india-0"
DevOps Engineer,DevOps Engineer,Entry,"mock:mock-devops-engineer-pune,-india-1"
DevOps Engineer,DevOps Engineer,Mid,"mock:mock-devops-engineer-pune,-india-2"
DevOps Engineer,DevOps Engineer,Senior,"mock:mock-devops-engineer-pune,-india-3"
DevOps Engineer,DevOps Engineer,Intern,"mock:mock-devops-engineer-pune,-india-4"
DevOps Engineer,DevOps Engineer,Mid,"mock:mock-devops-engineer-pune,-india-5"
DevOps Engineer,DevOps Engineer,Mid,"mock:mock-devops-engineer-pune,-india-6"
DevOps Engineer,DevOps Engineer,Entry,"mock:mock-devops-engineer-pune,-india-7"
DevOps Engineer,DevOps Engineer,Senior,"mock:mock-devops-engineer-pune,-india-8"
DevOps Engineer,DevOps Engineer,Entry,"mock:mock-devops-engineer-pune,-india-9"
DevOps Engineer,DevOps Engineer,Intern,"mock:mock-devops-engineer-pune,-india-10"
DevOps Engineer,DevOps Engineer,Senior,"mock:mock-devops-engineer-pune,-india-11"
DevOps Engineer,DevOps Engineer,Mid,"mock:mock-devops-engineer-pune,-india-12"
DevOps Engineer,DevOps Engineer,Senior,"mock:mock-devops-engineer-pune,-india-13"
DevOps Engineer,DevOps Engineer,Mid,"mock:mock-devops-engineer-pune,-india-14"
DevOps Engineer,DevOps Engineer,Mid,"mock:mock-devops-engineer-pune,-india-15"
DevOps Engineer,DevOps Engineer,Entry,"mock:mock-devops-engineer-pune,-india-16"
DevOps Engineer,DevOps Engineer,Senior,"mock:mock-devops-engineer-pune,-india-17"
DevOps Engineer,DevOps Engineer,Entry,"mock:mock-devops-engineer-pune,-india-18"
DevOps Engineer,DevOps Engineer,Mid,"mock:mock-devops-engineer-pune,-india-19"
DevOps Engineer,DevOps Engineer,Intern,"mock:mock-devops-engineer-pune,-india-20"
DevOps Engineer,DevOps Engineer,Senior,"mock:mock-devops-engineer-pune,-india-21"
DevOps Engineer,DevOps Engineer,Mid,"mock:mock-devops-engineer-pune,-india-22"
DevOps Engineer,DevOps Engineer,Mid,"mock:mock-devops-engineer-pune,-india-23"
DevOps Engineer,DevOps Engineer,Entry,"mock:mock-devops-engineer-pune,-india-24"
DevOps Engineer,DevOps Engineer,Senior,"mock:mock-devops-engineer-pune,-india-25"
DevOps Engineer,DevOps Engineer,Mid,"mock:mock-devops-engineer-pune,-india-26"
DevOps Engineer,DevOps Engineer,Intern,"mock:mock-devops-engineer-pune,-india-27"
DevOps Engineer,DevOps Engineer,Entry,"mock:mock-devops-engineer-pune,-india-28"
DevOps Engineer,DevOps Engineer,Intern,"mock:mock-devops-engineer-pune,-india-29"
DevOps Engineer,DevOps Engineer,Mid,"mock:mock-devops-engineer-pune,-india-30"
DevOps Engineer,DevOps Engineer,Entry,"mock:mock-devops-engineer-pune,-india-31"
DevOps Engineer,DevOps Engineer,Mid,"mock:mock-devops-engineer-pune,-india-32"
DevOps Engineer,DevOps Engineer,Intern,"mock:mock-devops-engineer-pune,-india-33"
DevOps Engineer,DevOps Engineer,Mid,"mock:mock-devops-engineer-pune,-india-34"
DevOps Engineer,DevOps Engineer,Mid,"mock:mock-devops-engineer-pune,-india-35"
DevOps Engineer,DevOps Engineer,Intern,"mock:mock-devops-engineer-pune,-india-36"
DevOps Engineer,DevOps Engineer,Senior,"mock:mock-devops-engineer-pune,-india-37"
DevOps Engineer,DevOps Engineer,Mid,"mock:mock-devops-engineer-pune,-india-38"
DevOps Engineer,DevOps Engineer,Entry,"mock:mock-devops-engineer-pune,-india-39"
DevOps Engineer,DevOps Engineer,Senior,"mock:mock-devops-engineer-pune,-india-40"
DevOps Engineer,DevOps Engineer,Entry,"mock:mock-devops-engineer-pune,-india-41"
DevOps Engineer,DevOps Engineer,Mid,"mock:mock-devops-engineer-pune,-india-42"
DevOps Engineer,DevOps Engineer,Entry,"mock:mock-devops-engineer-pune,-india-43"
DevOps Engineer,DevOps Engineer,Mid,"mock:mock-devops-engineer-pune,-india-44"
DevOps Engineer,DevOps Engineer,Mid,"mock:mock-devops-engineer-pune,-india-45"
DevOps Engineer,DevOps Engineer,Mid,"mock:mock-devops-engineer-pune,-india-46"
DevOps Engineer,DevOps Engineer,Entry,"mock:mock-devops-engineer-pune,-india-47"
DevOps Engineer,DevOps Engineer,Senior,"mock:mock-devops-engineer-pune,-india-48"
DevOps Engineer,DevOps Engineer,Mid,"mock:mock-devops-engineer-pune,-india-49"
DevOps Engineer,DevOps Engineer,Intern,"mock:mock-devops-engineer-remote,-india-0"
DevOps Engineer,DevOps Engineer,Entry,"mock:mock-devops-engineer-remote,-india-1"
DevOps Engineer,DevOps Engineer,Senior,"mock:mock-devops-engineer-remote,-india-2"
DevOps Engineer,DevOps Engineer,Mid,"mock:mock-devops-engineer-remote,-india-3"
DevOps Engineer,DevOps Engineer,Mid,"mock:mock-devops-engineer-remote,-india-4"
DevOps Engineer,DevOps Engineer,Entry,"mock:mock-devops-engineer-remote,-india-5"
DevOps Engineer,DevOps Engineer,Mid,"mock:mock-devops-engineer-remote,-india-6"
DevOps Engineer,DevOps Engineer,Entry,"mock:mock-devops-engineer-remote,-india-7"
DevOps Engineer,DevOps Engineer,Mid,"mock:mock-devops-engineer-remote,-india-8"
DevOps Engineer,DevOps Engineer,Intern,"mock:mock-devops-engineer-remote,-india-9"
DevOps Engineer,DevOps Engineer,Senior,"mock:mock-devops-engineer-remote,-india-10"
DevOps Engineer,DevOps Engineer,Senior,"mock:mock-devops-engineer-remote,-india-11"
DevOps Engineer,DevOps Engineer,Mid,"mock:mock-devops-engineer-remote,-india-12"
DevOps Engineer,DevOps Engineer,Entry,"mock:mock-devops-engineer-remote,-india-13"
DevOps Engineer,DevOps Engineer,Senior,"mock:mock-devops-engineer-remote,-india-14"
DevOps Engineer,DevOps Engineer,Intern,"mock:mock-devops-engineer-remote,-india-15"
DevOps Engineer,DevOps Engineer,Intern,"mock:mock-devops-engineer-remote,-india-16"
DevOps Engineer,DevOps Engineer,Entry,"mock:mock-devops-engineer-remote,-india-17"
DevOps Engineer,DevOps Engineer,Intern,"mock:mock-devops-engineer-remote,-india-18"
DevOps Engineer,DevOps Engineer,Entry,"mock:mock-devops-engineer-remote,-india-19"
DevOps Engineer,DevOps Engineer,Mid,"mock:mock-devops-engineer-remote,-india-20"
DevOps Engineer,DevOps Engineer,Entry,"mock:mock-devops-engineer-remote,-india-21"
DevOps Engineer,DevOps Engineer,Senior,"mock:mock-devops-engineer-remote,-india-22"
DevOps Engineer,DevOps Engineer,Entry,"mock:mock-devops-engineer-remote,-india-23"
DevOps Engineer,DevOps Engineer,Entry,"mock:mock-devops-engineer-remote,-india-24"
DevOps Engineer,DevOps Engineer,Intern,"mock:mock-devops-engineer-remote,-india-25"
DevOps Engineer,DevOps Engineer,Intern,"mock:mock-devops-engineer-remote,-india-26"
DevOps Engineer,DevOps Engineer,Entry,"mock:mock-devops-engineer-remote,-india-27"
DevOps Engineer,DevOps Engineer,Senior,"mock:mock-devops-engineer-remote,-india-28"
DevOps Engineer,DevOps Engineer,Intern,"mock:mock-devops-engineer-remote,-india-29"
DevOps Engineer,DevOps Engineer,Senior,"mock:mock-devops-engineer-remote,-india-30"
DevOps Engineer,DevOps Engineer,Mid,"mock:mock-devops-engineer-remote,-india-31"
DevOps Engineer,DevOps Engineer,Entry,"mock:mock-devops-engineer-remote,-india-32"
DevOps Engineer,DevOps Engineer,Senior,"mock:mock-devops-engineer-remote,-india-33"
DevOps Engineer,DevOps Engineer,Mid,"mock:mock-devops-engineer-remote,-india-34"
DevOps Engineer,DevOps Engineer,Senior,"mock:mock-devops-engineer-remote,-india-35"
DevOps Engineer,DevOps Engineer,Intern,"mock:mock-devops-engineer-remote,-india-36"
DevOps Engineer,DevOps Engineer,Entry,"mock:mock-devops-engineer-remote,-india-37"
DevOps Engineer,DevOps Engineer,Intern,"mock:mock-devops-engineer-remote,-india-38"
DevOps Engineer,DevOps Engineer,Mid,"mock:mock-devops-engineer-remote,-india-39"
DevOps Engineer,DevOps Engineer,Senior,"mock:mock-devops-engineer-remote,-india-40"
DevOps Engineer,DevOps Engineer,Intern,"mock:mock-devops-engineer-remote,-india-41"
DevOps Engineer,DevOps Engineer,Senior,"mock:mock-devops-engineer-remote,-india-42"
DevOps Engineer,DevOps Engineer,Intern,"mock:mock-devops-engineer-remote,-india-43"
DevOps Engineer,DevOps Engineer,Senior,"mock:mock-devops-engineer-remote,-india-44"
DevOps Engineer,DevOps Engineer,Mid,"mock:mock-devops-engineer-remote,-india-45"
DevOps Engineer,DevOps Engineer,Entry,"mock:mock-devops-engineer-remote,-india-46"
DevOps Engineer,DevOps Engineer,Entry,"mock:mock-devops-engineer-remote,-india-47"
DevOps Engineer,DevOps Engineer,Entry,"mock:mock-devops-engineer-remote,-india-48"
DevOps Engineer,DevOps Engineer,Senior,"mock:mock-devops-engineer-remote,-india-49"
